Workbook

Sheet 说明·图例
A1: 使用说明 · 图例
A2: ① 主表：逐阶段下拉选
A3: 每个博主有4个阶段列：选品 / 寄样 / 沟通合作 / 直播发布，都可下拉选，选完自动上色。
A4: 「完成阶段」「进度条」会自动算（■=已完成阶段，如 ■■■□ = 3/4）。
A5: 填「直播日期」后，右边『月度直播日历』自动排上。
A7: ② 阶段颜色：绿=已完成 / 黄=进行中 / 灰=未开始 / 红=谈崩暂停 / 紫=已复盘
A9: ③ 导入 Google 表格：文件→导入→上传→替换或插入新工作表。下拉/颜色/公式都会保留。
A11: ④ 日历颜色（按产品/面膜颜色款）
A12: 金色 | B12: 该款的直播日显示为此色
A13: 黑金色 | B13: 该款的直播日显示为此色
A14: 黑银色 | B14: 该款的直播日显示为此色
A15: 深蓝色 | B15: 该款的直播日显示为此色
A16: 银色 | B16: 该款的直播日显示为此色
A18: ⑤ 5款 · 博主区分汇总（自动）
A19: 产品(颜色) | B19: 合作博主数 | C19: 已直播数 | D19: 进行中
A20: 金色 | B20: =COUNTIF(博主进度主表!$A$3:$A$120,$A20) | C20: =COUNTIFS(博主进度主表!$A$3:$A$120,$A20,博主进度主表!$G$3:$G$120,"已直播") | D20: =COUNTIF(博主进度主表!$A$3:$A$120,$A20)-C20
A21: 黑金色 | B21: =COUNTIF(博主进度主表!$A$3:$A$120,$A21) | C21: =COUNTIFS(博主进度主表!$A$3:$A$120,$A21,博主进度主表!$G$3:$G$120,"已直播") | D21: =COUNTIF(博主进度主表!$A$3:$A$120,$A21)-C21
A22: 黑银色 | B22: =COUNTIF(博主进度主表!$A$3:$A$120,$A22) | C22: =COUNTIFS(博主进度主表!$A$3:$A$120,$A22,博主进度主表!$G$3:$G$120,"已直播") | D22: =COUNTIF(博主进度主表!$A$3:$A$120,$A22)-C22
A23: 深蓝色 | B23: =COUNTIF(博主进度主表!$A$3:$A$120,$A23) | C23: =COUNTIFS(博主进度主表!$A$3:$A$120,$A23,博主进度主表!$G$3:$G$120,"已直播") | D23: =COUNTIF(博主进度主表!$A$3:$A$120,$A23)-C23
A24: 银色 | B24: =COUNTIF(博主进度主表!$A$3:$A$120,$A24) | C24: =COUNTIFS(博主进度主表!$A$3:$A$120,$A24,博主进度主表!$G$3:$G$120,"已直播") | D24: =COUNTIF(博主进度主表!$A$3:$A$120,$A24)-C24

Sheet 博主进度主表
A1: 博主进度主表 —— 每个阶段都可下拉选；选完自动上色，「完成阶段/进度条」自动算
A2: 产品线 | B2: 博主 | C2: 粉丝层级 | D2: 选品 | E2: 寄样 | F2: 沟通合作 | G2: 直播发布 | H2: 直播日期 | I2: 完成阶段 | J2: 进度条(自动) | K2: 坑位费(元) | L2: 佣金% | M2: 保比 | N2: 链接 | O2: 备注
A3: 深蓝色 | B3: (示例)干皮种草-林林 | C3: 中腰部 | D3: 已选品 | E3: 已寄样 | F3: 已定档 | G3: 已直播 | H3: 46240 | I3: =IF($B3="","",IF($D3="已选品",1,0)+IF($E3="已寄样",1,0)+IF($F3="已定档",1,0)+IF(OR($G3="已直播",$G3="已复盘"),1,0)) | J3: =IF($B3="","",REPT("■",$I3)&REPT("□",4-$I3)&" "&$I3&"/4") | K3: 8000 | L3: 0.2 | M3: 是
A4: 金色 | B4: (示例)熟龄护肤-Aya | C4: 腰部 | D4: 已选品 | E4: 已寄样 | F4: 已定档 | G4: 已直播 | H4: 46243 | I4: =IF($B4="","",IF($D4="已选品",1,0)+IF($E4="已寄样",1,0)+IF($F4="已定档",1,0)+IF(OR($G4="已直播",$G4="已复盘"),1,0)) | J4: =IF($B4="","",REPT("■",$I4)&REPT("□",4-$I4)&" "&$I4&"/4") | K4: 6000 | L4: 0.2 | M4: 是 | O4: 抗初老专场
A5: 黑金色 | B5: (示例)成分党-可可 | C5: 中腰部 | D5: 已选品 | E5: 已寄样 | F5: 已定档 | G5: 已排期 | H5: 46249 | I5: =IF($B5="","",IF($D5="已选品",1,0)+IF($E5="已寄样",1,0)+IF($F5="已定档",1,0)+IF(OR($G5="已直播",$G5="已复盘"),1,0)) | J5: =IF($B5="","",REPT("■",$I5)&REPT("□",4-$I5)&" "&$I5&"/4") | K5: 5000 | L5: 0.25 | M5: 是
A6: 银色 | B6: (示例)学生党-小鱼 | C6: 尾部 | D6: 已选品 | E6: 已寄样 | F6: 已定档 | G6: 已排期 | H6: 46252 | I6: =IF($B6="","",IF($D6="已选品",1,0)+IF($E6="已寄样",1,0)+IF($F6="已定档",1,0)+IF(OR($G6="已直播",$G6="已复盘"),1,0)) | J6: =IF($B6="","",REPT("■",$I6)&REPT("□",4-$I6)&" "&$I6&"/4") | K6: 2000 | L6: 0.2 | M6: 否
A7: 黑银色 | B7: (示例)男士护肤-Leo | C7: KOC | D7: 已选品 | E7: 寄样中 | F7: 沟通中 | G7: 未排期 | I7: =IF($B7="","",IF($D7="已选品",1,0)+IF($E7="已寄样",1,0)+IF($F7="已定档",1,0)+IF(OR($G7="已直播",$G7="已复盘"),1,0)) | J7: =IF($B7="","",REPT("■",$I7)&REPT("□",4-$I7)&" "&$I7&"/4") | L7: 0.2 | M7: 否
A8: 深蓝色 | B8: (示例)职场好物-mimi | C8: 腰部 | D8: 已选品 | E8: 已寄样 | F8: 沟通中 | G8: 未排期 | I8: =IF($B8="","",IF($D8="已选品",1,0)+IF($E8="已寄样",1,0)+IF($F8="已定档",1,0)+IF(OR($G8="已直播",$G8="已复盘"),1,0)) | J8: =IF($B8="","",REPT("■",$I8)&REPT("□",4-$I8)&" "&$I8&"/4") | L8: 0.2 | M8: 否 | O8: 谈坑位中
A9: 金色 | B9: (示例)测评号-真真 | C9: 中腰部 | D9: 已选品 | E9: 未寄样 | F9: 未沟通 | G9: 未排期 | I9: =IF($B9="","",IF($D9="已选品",1,0)+IF($E9="已寄样",1,0)+IF($F9="已定档",1,0)+IF(OR($G9="已直播",$G9="已复盘"),1,0)) | J9: =IF($B9="","",REPT("■",$I9)&REPT("□",4-$I9)&" "&$I9&"/4") | M9: 否 | O9: 待寄样
A10: 银色 | B10: (示例)平价好物-团团 | C10: KOC | D10: 待选品 | E10: 未寄样 | F10: 未沟通 | G10: 未排期 | I10: =IF($B10="","",IF($D10="已选品",1,0)+IF($E10="已寄样",1,0)+IF($F10="已定档",1,0)+IF(OR($G10="已直播",$G10="已复盘"),1,0)) | J10: =IF($B10="","",REPT("■",$I10)&REPT("□",4-$I10)&" "&$I10&"/4") | M10: 否
I11: =IF($B11="","",IF($D11="已选品",1,0)+IF($E11="已寄样",1,0)+IF($F11="已定档",1,0)+IF(OR($G11="已直播",$G11="已复盘"),1,0)) | J11: =IF($B11="","",REPT("■",$I11)&REPT("□",4-$I11)&" "&$I11&"/4")
I12: =IF($B12="","",IF($D12="已选品",1,0)+IF($E12="已寄样",1,0)+IF($F12="已定档",1,0)+IF(OR($G12="已直播",$G12="已复盘"),1,0)) | J12: =IF($B12="","",REPT("■",$I12)&REPT("□",4-$I12)&" "&$I12&"/4")
I13: =IF($B13="","",IF($D13="已选品",1,0)+IF($E13="已寄样",1,0)+IF($F13="已定档",1,0)+IF(OR($G13="已直播",$G13="已复盘"),1,0)) | J13: =IF($B13="","",REPT("■",$I13)&REPT("□",4-$I13)&" "&$I13&"/4")
I14: =IF($B14="","",IF($D14="已选品",1,0)+IF($E14="已寄样",1,0)+IF($F14="已定档",1,0)+IF(OR($G14="已直播",$G14="已复盘"),1,0)) | J14: =IF($B14="","",REPT("■",$I14)&REPT("□",4-$I14)&" "&$I14&"/4")
I15: =IF($B15="","",IF($D15="已选品",1,0)+IF($E15="已寄样",1,0)+IF($F15="已定档",1,0)+IF(OR($G15="已直播",$G15="已复盘"),1,0)) | J15: =IF($B15="","",REPT("■",$I15)&REPT("□",4-$I15)&" "&$I15&"/4")
I16: =IF($B16="","",IF($D16="已选品",1,0)+IF($E16="已寄样",1,0)+IF($F16="已定档",1,0)+IF(OR($G16="已直播",$G16="已复盘"),1,0)) | J16: =IF($B16="","",REPT("■",$I16)&REPT("□",4-$I16)&" "&$I16&"/4")
I17: =IF($B17="","",IF($D17="已选品",1,0)+IF($E17="已寄样",1,0)+IF($F17="已定档",1,0)+IF(OR($G17="已直播",$G17="已复盘"),1,0)) | J17: =IF($B17="","",REPT("■",$I17)&REPT("□",4-$I17)&" "&$I17&"/4")
I18: =IF($B18="","",IF($D18="已选品",1,0)+IF($E18="已寄样",1,0)+IF($F18="已定档",1,0)+IF(OR($G18="已直播",$G18="已复盘"),1,0)) | J18: =IF($B18="","",REPT("■",$I18)&REPT("□",4-$I18)&" "&$I18&"/4")
I19: =IF($B19="","",IF($D19="已选品",1,0)+IF($E19="已寄样",1,0)+IF($F19="已定档",1,0)+IF(OR($G19="已直播",$G19="已复盘"),1,0)) | J19: =IF($B19="","",REPT("■",$I19)&REPT("□",4-$I19)&" "&$I19&"/4")
I20: =IF($B20="","",IF($D20="已选品",1,0)+IF($E20="已寄样",1,0)+IF($F20="已定档",1,0)+IF(OR($G20="已直播",$G20="已复盘"),1,0)) | J20: =IF($B20="","",REPT("■",$I20)&REPT("□",4-$I20)&" "&$I20&"/4")
I21: =IF($B21="","",IF($D21="已选品",1,0)+IF($E21="已寄样",1,0)+IF($F21="已定档",1,0)+IF(OR($G21="已直播",$G21="已复盘"),1,0)) | J21: =IF($B21="","",REPT("■",$I21)&REPT("□",4-$I21)&" "&$I21&"/4")
I22: =IF($B22="","",IF($D22="已选品",1,0)+IF($E22="已寄样",1,0)+IF($F22="已定档",1,0)+IF(OR($G22="已直播",$G22="已复盘"),1,0)) | J22: =IF($B22="","",REPT("■",$I22)&REPT("□",4-$I22)&" "&$I22&"/4")
... I120: =IF($B120="","",IF($D120="已选品",1,0)+IF($E120="已寄样",1,0)+IF($F120="已定档",1,0)+IF(OR($G120="已直播",$G120="已复盘"),1,0)) | J120: =IF($B120="","",REPT("■",$I120)&REPT("□",4-$I120)&" "&$I120&"/4")

Sheet 月度直播日历
A1: 月度直播日历（自动）—— 数据来自主表，改主表这里自动更新。● = 当天直播，颜色按产品
A2: 星期 | C2: 周六 | D2: 周日 | E2: 周一 | F2: 周二 | G2: 周三 | H2: 周四 | I2: 周五 | J2: 周六 | K2: 周日 | L2: 周一 | M2: 周二 | N2: 周三 | O2: 周四 | P2: 周五 | Q2: 周六 | R2: 周日 | S2: 周一 | T2: 周二 | U2: 周三 | V2: 周四 | W2: 周五 | X2: 周六 | Y2: 周日 | Z2: 周一 | AA2: 周二 | AB2: 周三 | AC2: 周四 | AD2: 周五 | AE2: 周六 | AF2: 周日 | AG2: 周一
A3: 博主 | B3: 产品线 | C3: 46235 | D3: 46236 | E3: 46237 | F3: 46238 | G3: 46239 | H3: 46240 | I3: 46241 | J3: 46242 | K3: 46243 | L3: 46244 | M3: 46245 | N3: 46246 | O3: 46247 | P3: 46248 | Q3: 46249 | R3: 46250 | S3: 46251 | T3: 46252 | U3: 46253 | V3: 46254 | W3: 46255 | X3: 46256 | Y3: 46257 | Z3: 46258 | AA3: 46259 | AB3: 46260 | AC3: 46261 | AD3: 46262 | AE3: 46263 | AF3: 46264 | AG3: 46265
A4: =博主进度主表!B3 | B4: =博主进度主表!A3 | C4: =IF(AND(博主进度主表!$B3<>"",博主进度主表!$H3=C$3),"●","") | D4: =IF(AND(博主进度主表!$B3<>"",博主进度主表!$H3=D$3),"●","") | E4: =IF(AND(博主进度主表!$B3<>"",博主进度主表!$H3=E$3),"●","") | F4: =IF(AND(博主进度主表!$B3<>"",博主进度主表!$H3=F$3),"●","") | G4: =IF(AND(博主进度主表!$B3<>"",博主进度主表!$H3=G$3),"●","") | H4: =IF(AND(博主进度主表!$B3<>"",博主进度主表!$H3=H$3),"●","") | I4: =IF(AND(博主进度主表!$B3<>"",博主进度主表!$H3=I$3),"●","") | J4: =IF(AND(博主进度主表!$B3<>"",博主进度主表!$H3=J$3),"●","") | ... AG4: =IF(AND(博主进度主表!$B3<>"",博主进度主表!$H3=AG$3),"●","")
A5: =博主进度主表!B4 | B5: =博主进度主表!A4 | C5: =IF(AND(博主进度主表!$B4<>"",博主进度主表!$H4=C$3),"●","") | D5: =IF(AND(博主进度主表!$B4<>"",博主进度主表!$H4=D$3),"●","") | E5: =IF(AND(博主进度主表!$B4<>"",博主进度主表!$H4=E$3),"●","") | F5: =IF(AND(博主进度主表!$B4<>"",博主进度主表!$H4=F$3),"●","") | G5: =IF(AND(博主进度主表!$B4<>"",博主进度主表!$H4=G$3),"●","") | H5: =IF(AND(博主进度主表!$B4<>"",博主进度主表!$H4=H$3),"●","") | I5: =IF(AND(博主进度主表!$B4<>"",博主进度主表!$H4=I$3),"●","") | J5: =IF(AND(博主进度主表!$B4<>"",博主进度主表!$H4=J$3),"●","") | ... AG5: =IF(AND(博主进度主表!$B4<>"",博主进度主表!$H4=AG$3),"●","")
A6: =博主进度主表!B5 | B6: =博主进度主表!A5 | C6: =IF(AND(博主进度主表!$B5<>"",博主进度主表!$H5=C$3),"●","") | D6: =IF(AND(博主进度主表!$B5<>"",博主进度主表!$H5=D$3),"●","") | E6: =IF(AND(博主进度主表!$B5<>"",博主进度主表!$H5=E$3),"●","") | F6: =IF(AND(博主进度主表!$B5<>"",博主进度主表!$H5=F$3),"●","") | G6: =IF(AND(博主进度主表!$B5<>"",博主进度主表!$H5=G$3),"●","") | H6: =IF(AND(博主进度主表!$B5<>"",博主进度主表!$H5=H$3),"●","") | I6: =IF(AND(博主进度主表!$B5<>"",博主进度主表!$H5=I$3),"●","") | J6: =IF(AND(博主进度主表!$B5<>"",博主进度主表!$H5=J$3),"●","") | ... AG6: =IF(AND(博主进度主表!$B5<>"",博主进度主表!$H5=AG$3),"●","")
A7: =博主进度主表!B6 | B7: =博主进度主表!A6 | C7: =IF(AND(博主进度主表!$B6<>"",博主进度主表!$H6=C$3),"●","") | D7: =IF(AND(博主进度主表!$B6<>"",博主进度主表!$H6=D$3),"●","") | E7: =IF(AND(博主进度主表!$B6<>"",博主进度主表!$H6=E$3),"●","") | F7: =IF(AND(博主进度主表!$B6<>"",博主进度主表!$H6=F$3),"●","") | G7: =IF(AND(博主进度主表!$B6<>"",博主进度主表!$H6=G$3),"●","") | H7: =IF(AND(博主进度主表!$B6<>"",博主进度主表!$H6=H$3),"●","") | I7: =IF(AND(博主进度主表!$B6<>"",博主进度主表!$H6=I$3),"●","") | J7: =IF(AND(博主进度主表!$B6<>"",博主进度主表!$H6=J$3),"●","") | ... AG7: =IF(AND(博主进度主表!$B6<>"",博主进度主表!$H6=AG$3),"●","")
A8: =博主进度主表!B7 | B8: =博主进度主表!A7 | C8: =IF(AND(博主进度主表!$B7<>"",博主进度主表!$H7=C$3),"●","") | D8: =IF(AND(博主进度主表!$B7<>"",博主进度主表!$H7=D$3),"●","") | E8: =IF(AND(博主进度主表!$B7<>"",博主进度主表!$H7=E$3),"●","") | F8: =IF(AND(博主进度主表!$B7<>"",博主进度主表!$H7=F$3),"●","") | G8: =IF(AND(博主进度主表!$B7<>"",博主进度主表!$H7=G$3),"●","") | H8: =IF(AND(博主进度主表!$B7<>"",博主进度主表!$H7=H$3),"●","") | I8: =IF(AND(博主进度主表!$B7<>"",博主进度主表!$H7=I$3),"●","") | J8: =IF(AND(博主进度主表!$B7<>"",博主进度主表!$H7=J$3),"●","") | ... AG8: =IF(AND(博主进度主表!$B7<>"",博主进度主表!$H7=AG$3),"●","")
A9: =博主进度主表!B8 | B9: =博主进度主表!A8 | C9: =IF(AND(博主进度主表!$B8<>"",博主进度主表!$H8=C$3),"●","") | D9: =IF(AND(博主进度主表!$B8<>"",博主进度主表!$H8=D$3),"●","") | E9: =IF(AND(博主进度主表!$B8<>"",博主进度主表!$H8=E$3),"●","") | F9: =IF(AND(博主进度主表!$B8<>"",博主进度主表!$H8=F$3),"●","") | G9: =IF(AND(博主进度主表!$B8<>"",博主进度主表!$H8=G$3),"●","") | H9: =IF(AND(博主进度主表!$B8<>"",博主进度主表!$H8=H$3),"●","") | I9: =IF(AND(博主进度主表!$B8<>"",博主进度主表!$H8=I$3),"●","") | J9: =IF(AND(博主进度主表!$B8<>"",博主进度主表!$H8=J$3),"●","") | ... AG9: =IF(AND(博主进度主表!$B8<>"",博主进度主表!$H8=AG$3),"●","")
A10: =博主进度主表!B9 | B10: =博主进度主表!A9 | C10: =IF(AND(博主进度主表!$B9<>"",博主进度主表!$H9=C$3),"●","") | D10: =IF(AND(博主进度主表!$B9<>"",博主进度主表!$H9=D$3),"●","") | E10: =IF(AND(博主进度主表!$B9<>"",博主进度主表!$H9=E$3),"●","") | F10: =IF(AND(博主进度主表!$B9<>"",博主进度主表!$H9=F$3),"●","") | G10: =IF(AND(博主进度主表!$B9<>"",博主进度主表!$H9=G$3),"●","") | H10: =IF(AND(博主进度主表!$B9<>"",博主进度主表!$H9=H$3),"●","") | I10: =IF(AND(博主进度主表!$B9<>"",博主进度主表!$H9=I$3),"●","") | J10: =IF(AND(博主进度主表!$B9<>"",博主进度主表!$H9=J$3),"●","") | ... AG10: =IF(AND(博主进度主表!$B9<>"",博主进度主表!$H9=AG$3),"●","")
A11: =博主进度主表!B10 | B11: =博主进度主表!A10 | C11: =IF(AND(博主进度主表!$B10<>"",博主进度主表!$H10=C$3),"●","") | D11: =IF(AND(博主进度主表!$B10<>"",博主进度主表!$H10=D$3),"●","") | E11: =IF(AND(博主进度主表!$B10<>"",博主进度主表!$H10=E$3),"●","") | F11: =IF(AND(博主进度主表!$B10<>"",博主进度主表!$H10=F$3),"●","") | G11: =IF(AND(博主进度主表!$B10<>"",博主进度主表!$H10=G$3),"●","") | H11: =IF(AND(博主进度主表!$B10<>"",博主进度主表!$H10=H$3),"●","") | I11: =IF(AND(博主进度主表!$B10<>"",博主进度主表!$H10=I$3),"●","") | J11: =IF(AND(博主进度主表!$B10<>"",博主进度主表!$H10=J$3),"●","") | ... AG11: =IF(AND(博主进度主表!$B10<>"",博主进度主表!$H10=AG$3),"●","")
A12: =博主进度主表!B11 | B12: =博主进度主表!A11 | C12: =IF(AND(博主进度主表!$B11<>"",博主进度主表!$H11=C$3),"●","") | D12: =IF(AND(博主进度主表!$B11<>"",博主进度主表!$H11=D$3),"●","") | E12: =IF(AND(博主进度主表!$B11<>"",博主进度主表!$H11=E$3),"●","") | F12: =IF(AND(博主进度主表!$B11<>"",博主进度主表!$H11=F$3),"●","") | G12: =IF(AND(博主进度主表!$B11<>"",博主进度主表!$H11=G$3),"●","") | H12: =IF(AND(博主进度主表!$B11<>"",博主进度主表!$H11=H$3),"●","") | I12: =IF(AND(博主进度主表!$B11<>"",博主进度主表!$H11=I$3),"●","") | J12: =IF(AND(博主进度主表!$B11<>"",博主进度主表!$H11=J$3),"●","") | ... AG12: =IF(AND(博主进度主表!$B11<>"",博主进度主表!$H11=AG$3),"●","")
A13: =博主进度主表!B12 | B13: =博主进度主表!A12 | C13: =IF(AND(博主进度主表!$B12<>"",博主进度主表!$H12=C$3),"●","") | D13: =IF(AND(博主进度主表!$B12<>"",博主进度主表!$H12=D$3),"●","") | E13: =IF(AND(博主进度主表!$B12<>"",博主进度主表!$H12=E$3),"●","") | F13: =IF(AND(博主进度主表!$B12<>"",博主进度主表!$H12=F$3),"●","") | G13: =IF(AND(博主进度主表!$B12<>"",博主进度主表!$H12=G$3),"●","") | H13: =IF(AND(博主进度主表!$B12<>"",博主进度主表!$H12=H$3),"●","") | I13: =IF(AND(博主进度主表!$B12<>"",博主进度主表!$H12=I$3),"●","") | J13: =IF(AND(博主进度主表!$B12<>"",博主进度主表!$H12=J$3),"●","") | ... AG13: =IF(AND(博主进度主表!$B12<>"",博主进度主表!$H12=AG$3),"●","")
A14: =博主进度主表!B13 | B14: =博主进度主表!A13 | C14: =IF(AND(博主进度主表!$B13<>"",博主进度主表!$H13=C$3),"●","") | D14: =IF(AND(博主进度主表!$B13<>"",博主进度主表!$H13=D$3),"●","") | E14: =IF(AND(博主进度主表!$B13<>"",博主进度主表!$H13=E$3),"●","") | F14: =IF(AND(博主进度主表!$B13<>"",博主进度主表!$H13=F$3),"●","") | G14: =IF(AND(博主进度主表!$B13<>"",博主进度主表!$H13=G$3),"●","") | H14: =IF(AND(博主进度主表!$B13<>"",博主进度主表!$H13=H$3),"●","") | I14: =IF(AND(博主进度主表!$B13<>"",博主进度主表!$H13=I$3),"●","") | J14: =IF(AND(博主进度主表!$B13<>"",博主进度主表!$H13=J$3),"●","") | ... AG14: =IF(AND(博主进度主表!$B13<>"",博主进度主表!$H13=AG$3),"●","")
A15: =博主进度主表!B14 | B15: =博主进度主表!A14 | C15: =IF(AND(博主进度主表!$B14<>"",博主进度主表!$H14=C$3),"●","") | D15: =IF(AND(博主进度主表!$B14<>"",博主进度主表!$H14=D$3),"●","") | E15: =IF(AND(博主进度主表!$B14<>"",博主进度主表!$H14=E$3),"●","") | F15: =IF(AND(博主进度主表!$B14<>"",博主进度主表!$H14=F$3),"●","") | G15: =IF(AND(博主进度主表!$B14<>"",博主进度主表!$H14=G$3),"●","") | H15: =IF(AND(博主进度主表!$B14<>"",博主进度主表!$H14=H$3),"●","") | I15: =IF(AND(博主进度主表!$B14<>"",博主进度主表!$H14=I$3),"●","") | J15: =IF(AND(博主进度主表!$B14<>"",博主进度主表!$H14=J$3),"●","") | ... AG15: =IF(AND(博主进度主表!$B14<>"",博主进度主表!$H14=AG$3),"●","")
... A121: =博主进度主表!B120 | B121: =博主进度主表!A120 | C121: =IF(AND(博主进度主表!$B120<>"",博主进度主表!$H120=C$3),"●","") | D121: =IF(AND(博主进度主表!$B120<>"",博主进度主表!$H120=D$3),"●","") | E121: =IF(AND(博主进度主表!$B120<>"",博主进度主表!$H120=E$3),"●","") | F121: =IF(AND(博主进度主表!$B120<>"",博主进度主表!$H120=F$3),"●","") | G121: =IF(AND(博主进度主表!$B120<>"",博主进度主表!$H120=G$3),"●","") | H121: =IF(AND(博主进度主表!$B120<>"",博主进度主表!$H120=H$3),"●","") | I121: =IF(AND(博主进度主表!$B120<>"",博主进度主表!$H120=I$3),"●","") | J121: =IF(AND(博主进度主表!$B120<>"",博主进度主表!$H120=J$3),"●","") | ... AG121: =IF(AND(博主进度主表!$B120<>"",博主进度主表!$H120=AG$3),"●","")
