Workbook

Sheet ① 笔记追踪总表
A1: 排期 · 投前确认 | P1: 投后 · 基础 | X1: 数据追踪 T+3 | AE1: 数据追踪 T+7 | AL1: 数据追踪 T+15 | AS1: 效率指标（自动公式） | AX1: 结算 · 转化
A2: 序号 | B2: 状态 | C2: 计划发布日 | D2: 达人名称 | E2: 达人主页链接 | F2: 合作社/MCN | G2: 达人层级 | H2: 内部对接人 | I2: 投放产品SPU | J2: 笔记类型 | K2: 内容形式 | L2: 脚本/初稿链接 | M2: 合规审核 | N2: 审核人 | O2: 确认可投 | P2: 实际发布日 | Q2: 发布月 | R2: 笔记标题 | S2: 笔记链接 | T2: 图片数 | U2: 品牌词植入 | V2: 话题维护 | W2: 主话题词 | X2: T+3采集日 | Y2: 曝光 | Z2: 点赞 | AA2: 收藏 | AB2: 评论 | AC2: 分享 | AD2: 证据截图 | AE2: T+7采集日 | AF2: 曝光 | AG2: 点赞 | AH2: 收藏 | AI2: 评论 | AJ2: 分享 | AK2: 证据截图 | AL2: T+15采集日 | AM2: 曝光 | AN2: 点赞 | AO2: 收藏 | AP2: 评论 | AQ2: 分享 | AR2: 证据截图 | AS2: 最终互动量 | AT2: 互动率 | AU2: 收藏率 | AV2: CPE互动成本 | AW2: CPM千次曝光 | AX2: 笔记费用(元) | AY2: 笔直合作 | AZ2: 结算状态 | BA2: 成交转化15天 | BB2: 备注memo
A3: 1 | B3: 追踪中 | C3: 2026-08-01 | D3: 小蓝薯XX | E3: https://xhs/user/... | F3: 某MCN | G3: 腰部 | H3: 曹 | I3: 黑钻VC100(黑金) | J3: A·选购攻略 | K3: 图文 | L3: https://drive/... | M3: ✅通过 | N3: 曹 | O3: 是 | P3: 2026-08-03 | Q3: =IF(P3="","",TEXT(P3,"YYYY-MM")) | R3: 油皮面膜怎么选｜细致毛孔控油分享 | S3: https://xhs/explore/... | T3: 8 | U3: 是 | V3: 已维护 | W3: #面膜怎么选 | X3: 2026-08-06 | Y3: 3200 | Z3: 110 | AA3: 55 | AB3: 8 | AC3: 20 | AD3: IMG_001 | AE3: 2026-08-10 | AF3: 6800 | AG3: 240 | AH3: 150 | AI3: 15 | AJ3: 60 | AK3: IMG_001 | AL3: 2026-08-18 | AM3: 9800 | AN3: 357 | AO3: 290 | AP3: 22 | AQ3: 95 | AR3: IMG_001 | AS3: =IF(AM3="","",AN3+AO3+AP3+AQ3) | AT3: =IF(OR(AM3="",AM3=0),"",AS3/AM3) | AU3: =IF(OR(AM3="",AM3=0),"",AO3/AM3) | AV3: =IF(OR(AX3="",AS3="",AS3=0),"",AX3/AS3) | AW3: =IF(OR(AX3="",AM3="",AM3=0),"",AX3/AM3*1000) | AX3: 300 | AY3: 否 | AZ3: 未付 | BA3: 12 | BB3: 示例行·可删
A4: 2 | Q4: =IF(P4="","",TEXT(P4,"YYYY-MM")) | AS4: =IF(AM4="","",AN4+AO4+AP4+AQ4) | AT4: =IF(OR(AM4="",AM4=0),"",AS4/AM4) | AU4: =IF(OR(AM4="",AM4=0),"",AO4/AM4) | AV4: =IF(OR(AX4="",AS4="",AS4=0),"",AX4/AS4) | AW4: =IF(OR(AX4="",AM4="",AM4=0),"",AX4/AM4*1000)
A5: 3 | Q5: =IF(P5="","",TEXT(P5,"YYYY-MM")) | AS5: =IF(AM5="","",AN5+AO5+AP5+AQ5) | AT5: =IF(OR(AM5="",AM5=0),"",AS5/AM5) | AU5: =IF(OR(AM5="",AM5=0),"",AO5/AM5) | AV5: =IF(OR(AX5="",AS5="",AS5=0),"",AX5/AS5) | AW5: =IF(OR(AX5="",AM5="",AM5=0),"",AX5/AM5*1000)
A6: 4 | Q6: =IF(P6="","",TEXT(P6,"YYYY-MM")) | AS6: =IF(AM6="","",AN6+AO6+AP6+AQ6) | AT6: =IF(OR(AM6="",AM6=0),"",AS6/AM6) | AU6: =IF(OR(AM6="",AM6=0),"",AO6/AM6) | AV6: =IF(OR(AX6="",AS6="",AS6=0),"",AX6/AS6) | AW6: =IF(OR(AX6="",AM6="",AM6=0),"",AX6/AM6*1000)
A7: 5 | Q7: =IF(P7="","",TEXT(P7,"YYYY-MM")) | AS7: =IF(AM7="","",AN7+AO7+AP7+AQ7) | AT7: =IF(OR(AM7="",AM7=0),"",AS7/AM7) | AU7: =IF(OR(AM7="",AM7=0),"",AO7/AM7) | AV7: =IF(OR(AX7="",AS7="",AS7=0),"",AX7/AS7) | AW7: =IF(OR(AX7="",AM7="",AM7=0),"",AX7/AM7*1000)
A8: 6 | Q8: =IF(P8="","",TEXT(P8,"YYYY-MM")) | AS8: =IF(AM8="","",AN8+AO8+AP8+AQ8) | AT8: =IF(OR(AM8="",AM8=0),"",AS8/AM8) | AU8: =IF(OR(AM8="",AM8=0),"",AO8/AM8) | AV8: =IF(OR(AX8="",AS8="",AS8=0),"",AX8/AS8) | AW8: =IF(OR(AX8="",AM8="",AM8=0),"",AX8/AM8*1000)
A9: 7 | Q9: =IF(P9="","",TEXT(P9,"YYYY-MM")) | AS9: =IF(AM9="","",AN9+AO9+AP9+AQ9) | AT9: =IF(OR(AM9="",AM9=0),"",AS9/AM9) | AU9: =IF(OR(AM9="",AM9=0),"",AO9/AM9) | AV9: =IF(OR(AX9="",AS9="",AS9=0),"",AX9/AS9) | AW9: =IF(OR(AX9="",AM9="",AM9=0),"",AX9/AM9*1000)
A10: 8 | Q10: =IF(P10="","",TEXT(P10,"YYYY-MM")) | AS10: =IF(AM10="","",AN10+AO10+AP10+AQ10) | AT10: =IF(OR(AM10="",AM10=0),"",AS10/AM10) | AU10: =IF(OR(AM10="",AM10=0),"",AO10/AM10) | AV10: =IF(OR(AX10="",AS10="",AS10=0),"",AX10/AS10) | AW10: =IF(OR(AX10="",AM10="",AM10=0),"",AX10/AM10*1000)
A11: 9 | Q11: =IF(P11="","",TEXT(P11,"YYYY-MM")) | AS11: =IF(AM11="","",AN11+AO11+AP11+AQ11) | AT11: =IF(OR(AM11="",AM11=0),"",AS11/AM11) | AU11: =IF(OR(AM11="",AM11=0),"",AO11/AM11) | AV11: =IF(OR(AX11="",AS11="",AS11=0),"",AX11/AS11) | AW11: =IF(OR(AX11="",AM11="",AM11=0),"",AX11/AM11*1000)
A12: 10 | Q12: =IF(P12="","",TEXT(P12,"YYYY-MM")) | AS12: =IF(AM12="","",AN12+AO12+AP12+AQ12) | AT12: =IF(OR(AM12="",AM12=0),"",AS12/AM12) | AU12: =IF(OR(AM12="",AM12=0),"",AO12/AM12) | AV12: =IF(OR(AX12="",AS12="",AS12=0),"",AX12/AS12) | AW12: =IF(OR(AX12="",AM12="",AM12=0),"",AX12/AM12*1000)
A13: 11 | Q13: =IF(P13="","",TEXT(P13,"YYYY-MM")) | AS13: =IF(AM13="","",AN13+AO13+AP13+AQ13) | AT13: =IF(OR(AM13="",AM13=0),"",AS13/AM13) | AU13: =IF(OR(AM13="",AM13=0),"",AO13/AM13) | AV13: =IF(OR(AX13="",AS13="",AS13=0),"",AX13/AS13) | AW13: =IF(OR(AX13="",AM13="",AM13=0),"",AX13/AM13*1000)
A14: 12 | Q14: =IF(P14="","",TEXT(P14,"YYYY-MM")) | AS14: =IF(AM14="","",AN14+AO14+AP14+AQ14) | AT14: =IF(OR(AM14="",AM14=0),"",AS14/AM14) | AU14: =IF(OR(AM14="",AM14=0),"",AO14/AM14) | AV14: =IF(OR(AX14="",AS14="",AS14=0),"",AX14/AS14) | AW14: =IF(OR(AX14="",AM14="",AM14=0),"",AX14/AM14*1000)
A15: 13 | Q15: =IF(P15="","",TEXT(P15,"YYYY-MM")) | AS15: =IF(AM15="","",AN15+AO15+AP15+AQ15) | AT15: =IF(OR(AM15="",AM15=0),"",AS15/AM15) | AU15: =IF(OR(AM15="",AM15=0),"",AO15/AM15) | AV15: =IF(OR(AX15="",AS15="",AS15=0),"",AX15/AS15) | AW15: =IF(OR(AX15="",AM15="",AM15=0),"",AX15/AM15*1000)
... A42: 40 | Q42: =IF(P42="","",TEXT(P42,"YYYY-MM")) | AS42: =IF(AM42="","",AN42+AO42+AP42+AQ42) | AT42: =IF(OR(AM42="",AM42=0),"",AS42/AM42) | AU42: =IF(OR(AM42="",AM42=0),"",AO42/AM42) | AV42: =IF(OR(AX42="",AS42="",AS42=0),"",AX42/AS42) | AW42: =IF(OR(AX42="",AM42="",AM42=0),"",AX42/AM42*1000)

Sheet ② 月度总览Dashboard
A1: 投放总览 Dashboard（自动汇总·数据来自①总表）
A2: 注：填①总表后自动更新；如需重算按 F9 / 重新打开。
A4: 按 产品SPU
A5: 分组 | B5: 篇数 | C5: 总曝光 | D5: 总互动量 | E5: 均互动率 | F5: 总花费(元) | G5: 均CPE
A6: 黑钻VC100(黑金) | B6: =COUNTIFS('① 笔记追踪总表'!$I$3:$I$42,"黑钻VC100(黑金)") | C6: =SUMIFS('① 笔记追踪总表'!$AM$3:$AM$42,'① 笔记追踪总表'!$I$3:$I$42,"黑钻VC100(黑金)") | D6: =SUMIFS('① 笔记追踪总表'!$AS$3:$AS$42,'① 笔记追踪总表'!$I$3:$I$42,"黑钻VC100(黑金)") | E6: =IFERROR(AVERAGEIFS('① 笔记追踪总表'!$AT$3:$AT$42,'① 笔记追踪总表'!$I$3:$I$42,"黑钻VC100(黑金)"),"") | F6: =SUMIFS('① 笔记追踪总表'!$AX$3:$AX$42,'① 笔记追踪总表'!$I$3:$I$42,"黑钻VC100(黑金)") | G6: =IFERROR(AVERAGEIFS('① 笔记追踪总表'!$AV$3:$AV$42,'① 笔记追踪总表'!$I$3:$I$42,"黑钻VC100(黑金)"),"")
A7: 金色·提亮补水 | B7: =COUNTIFS('① 笔记追踪总表'!$I$3:$I$42,"金色·提亮补水") | C7: =SUMIFS('① 笔记追踪总表'!$AM$3:$AM$42,'① 笔记追踪总表'!$I$3:$I$42,"金色·提亮补水") | D7: =SUMIFS('① 笔记追踪总表'!$AS$3:$AS$42,'① 笔记追踪总表'!$I$3:$I$42,"金色·提亮补水") | E7: =IFERROR(AVERAGEIFS('① 笔记追踪总表'!$AT$3:$AT$42,'① 笔记追踪总表'!$I$3:$I$42,"金色·提亮补水"),"") | F7: =SUMIFS('① 笔记追踪总表'!$AX$3:$AX$42,'① 笔记追踪总表'!$I$3:$I$42,"金色·提亮补水") | G7: =IFERROR(AVERAGEIFS('① 笔记追踪总表'!$AV$3:$AV$42,'① 笔记追踪总表'!$I$3:$I$42,"金色·提亮补水"),"")
A8: 黑银·水光细毛孔 | B8: =COUNTIFS('① 笔记追踪总表'!$I$3:$I$42,"黑银·水光细毛孔") | C8: =SUMIFS('① 笔记追踪总表'!$AM$3:$AM$42,'① 笔记追踪总表'!$I$3:$I$42,"黑银·水光细毛孔") | D8: =SUMIFS('① 笔记追踪总表'!$AS$3:$AS$42,'① 笔记追踪总表'!$I$3:$I$42,"黑银·水光细毛孔") | E8: =IFERROR(AVERAGEIFS('① 笔记追踪总表'!$AT$3:$AT$42,'① 笔记追踪总表'!$I$3:$I$42,"黑银·水光细毛孔"),"") | F8: =SUMIFS('① 笔记追踪总表'!$AX$3:$AX$42,'① 笔记追踪总表'!$I$3:$I$42,"黑银·水光细毛孔") | G8: =IFERROR(AVERAGEIFS('① 笔记追踪总表'!$AV$3:$AV$42,'① 笔记追踪总表'!$I$3:$I$42,"黑银·水光细毛孔"),"")
A9: 深蓝·维稳补水 | B9: =COUNTIFS('① 笔记追踪总表'!$I$3:$I$42,"深蓝·维稳补水") | C9: =SUMIFS('① 笔记追踪总表'!$AM$3:$AM$42,'① 笔记追踪总表'!$I$3:$I$42,"深蓝·维稳补水") | D9: =SUMIFS('① 笔记追踪总表'!$AS$3:$AS$42,'① 笔记追踪总表'!$I$3:$I$42,"深蓝·维稳补水") | E9: =IFERROR(AVERAGEIFS('① 笔记追踪总表'!$AT$3:$AT$42,'① 笔记追踪总表'!$I$3:$I$42,"深蓝·维稳补水"),"") | F9: =SUMIFS('① 笔记追踪总表'!$AX$3:$AX$42,'① 笔记追踪总表'!$I$3:$I$42,"深蓝·维稳补水") | G9: =IFERROR(AVERAGEIFS('① 笔记追踪总表'!$AV$3:$AV$42,'① 笔记追踪总表'!$I$3:$I$42,"深蓝·维稳补水"),"")
A10: 银色·提亮 | B10: =COUNTIFS('① 笔记追踪总表'!$I$3:$I$42,"银色·提亮") | C10: =SUMIFS('① 笔记追踪总表'!$AM$3:$AM$42,'① 笔记追踪总表'!$I$3:$I$42,"银色·提亮") | D10: =SUMIFS('① 笔记追踪总表'!$AS$3:$AS$42,'① 笔记追踪总表'!$I$3:$I$42,"银色·提亮") | E10: =IFERROR(AVERAGEIFS('① 笔记追踪总表'!$AT$3:$AT$42,'① 笔记追踪总表'!$I$3:$I$42,"银色·提亮"),"") | F10: =SUMIFS('① 笔记追踪总表'!$AX$3:$AX$42,'① 笔记追踪总表'!$I$3:$I$42,"银色·提亮") | G10: =IFERROR(AVERAGEIFS('① 笔记追踪总表'!$AV$3:$AV$42,'① 笔记追踪总表'!$I$3:$I$42,"银色·提亮"),"")
A11: 护眼丸 | B11: =COUNTIFS('① 笔记追踪总表'!$I$3:$I$42,"护眼丸") | C11: =SUMIFS('① 笔记追踪总表'!$AM$3:$AM$42,'① 笔记追踪总表'!$I$3:$I$42,"护眼丸") | D11: =SUMIFS('① 笔记追踪总表'!$AS$3:$AS$42,'① 笔记追踪总表'!$I$3:$I$42,"护眼丸") | E11: =IFERROR(AVERAGEIFS('① 笔记追踪总表'!$AT$3:$AT$42,'① 笔记追踪总表'!$I$3:$I$42,"护眼丸"),"") | F11: =SUMIFS('① 笔记追踪总表'!$AX$3:$AX$42,'① 笔记追踪总表'!$I$3:$I$42,"护眼丸") | G11: =IFERROR(AVERAGEIFS('① 笔记追踪总表'!$AV$3:$AV$42,'① 笔记追踪总表'!$I$3:$I$42,"护眼丸"),"")
A12: 补铁片 | B12: =COUNTIFS('① 笔记追踪总表'!$I$3:$I$42,"补铁片") | C12: =SUMIFS('① 笔记追踪总表'!$AM$3:$AM$42,'① 笔记追踪总表'!$I$3:$I$42,"补铁片") | D12: =SUMIFS('① 笔记追踪总表'!$AS$3:$AS$42,'① 笔记追踪总表'!$I$3:$I$42,"补铁片") | E12: =IFERROR(AVERAGEIFS('① 笔记追踪总表'!$AT$3:$AT$42,'① 笔记追踪总表'!$I$3:$I$42,"补铁片"),"") | F12: =SUMIFS('① 笔记追踪总表'!$AX$3:$AX$42,'① 笔记追踪总表'!$I$3:$I$42,"补铁片") | G12: =IFERROR(AVERAGEIFS('① 笔记追踪总表'!$AV$3:$AV$42,'① 笔记追踪总表'!$I$3:$I$42,"补铁片"),"")
A13: 护肝片 | B13: =COUNTIFS('① 笔记追踪总表'!$I$3:$I$42,"护肝片") | C13: =SUMIFS('① 笔记追踪总表'!$AM$3:$AM$42,'① 笔记追踪总表'!$I$3:$I$42,"护肝片") | D13: =SUMIFS('① 笔记追踪总表'!$AS$3:$AS$42,'① 笔记追踪总表'!$I$3:$I$42,"护肝片") | E13: =IFERROR(AVERAGEIFS('① 笔记追踪总表'!$AT$3:$AT$42,'① 笔记追踪总表'!$I$3:$I$42,"护肝片"),"") | F13: =SUMIFS('① 笔记追踪总表'!$AX$3:$AX$42,'① 笔记追踪总表'!$I$3:$I$42,"护肝片") | G13: =IFERROR(AVERAGEIFS('① 笔记追踪总表'!$AV$3:$AV$42,'① 笔记追踪总表'!$I$3:$I$42,"护肝片"),"")
A16: 按 达人层级
A17: 分组 | B17: 篇数 | C17: 总曝光 | D17: 总互动量 | E17: 均互动率 | F17: 总花费(元) | G17: 均CPE
A18: 头部KOL | B18: =COUNTIFS('① 笔记追踪总表'!$G$3:$G$42,"头部KOL") | C18: =SUMIFS('① 笔记追踪总表'!$AM$3:$AM$42,'① 笔记追踪总表'!$G$3:$G$42,"头部KOL") | D18: =SUMIFS('① 笔记追踪总表'!$AS$3:$AS$42,'① 笔记追踪总表'!$G$3:$G$42,"头部KOL") | E18: =IFERROR(AVERAGEIFS('① 笔记追踪总表'!$AT$3:$AT$42,'① 笔记追踪总表'!$G$3:$G$42,"头部KOL"),"") | F18: =SUMIFS('① 笔记追踪总表'!$AX$3:$AX$42,'① 笔记追踪总表'!$G$3:$G$42,"头部KOL") | G18: =IFERROR(AVERAGEIFS('① 笔记追踪总表'!$AV$3:$AV$42,'① 笔记追踪总表'!$G$3:$G$42,"头部KOL"),"")
A19: 腰部 | B19: =COUNTIFS('① 笔记追踪总表'!$G$3:$G$42,"腰部") | C19: =SUMIFS('① 笔记追踪总表'!$AM$3:$AM$42,'① 笔记追踪总表'!$G$3:$G$42,"腰部") | D19: =SUMIFS('① 笔记追踪总表'!$AS$3:$AS$42,'① 笔记追踪总表'!$G$3:$G$42,"腰部") | E19: =IFERROR(AVERAGEIFS('① 笔记追踪总表'!$AT$3:$AT$42,'① 笔记追踪总表'!$G$3:$G$42,"腰部"),"") | F19: =SUMIFS('① 笔记追踪总表'!$AX$3:$AX$42,'① 笔记追踪总表'!$G$3:$G$42,"腰部") | G19: =IFERROR(AVERAGEIFS('① 笔记追踪总表'!$AV$3:$AV$42,'① 笔记追踪总表'!$G$3:$G$42,"腰部"),"")
A20: 尾部 | B20: =COUNTIFS('① 笔记追踪总表'!$G$3:$G$42,"尾部") | C20: =SUMIFS('① 笔记追踪总表'!$AM$3:$AM$42,'① 笔记追踪总表'!$G$3:$G$42,"尾部") | D20: =SUMIFS('① 笔记追踪总表'!$AS$3:$AS$42,'① 笔记追踪总表'!$G$3:$G$42,"尾部") | E20: =IFERROR(AVERAGEIFS('① 笔记追踪总表'!$AT$3:$AT$42,'① 笔记追踪总表'!$G$3:$G$42,"尾部"),"") | F20: =SUMIFS('① 笔记追踪总表'!$AX$3:$AX$42,'① 笔记追踪总表'!$G$3:$G$42,"尾部") | G20: =IFERROR(AVERAGEIFS('① 笔记追踪总表'!$AV$3:$AV$42,'① 笔记追踪总表'!$G$3:$G$42,"尾部"),"")
A21: KOC | B21: =COUNTIFS('① 笔记追踪总表'!$G$3:$G$42,"KOC") | C21: =SUMIFS('① 笔记追踪总表'!$AM$3:$AM$42,'① 笔记追踪总表'!$G$3:$G$42,"KOC") | D21: =SUMIFS('① 笔记追踪总表'!$AS$3:$AS$42,'① 笔记追踪总表'!$G$3:$G$42,"KOC") | E21: =IFERROR(AVERAGEIFS('① 笔记追踪总表'!$AT$3:$AT$42,'① 笔记追踪总表'!$G$3:$G$42,"KOC"),"") | F21: =SUMIFS('① 笔记追踪总表'!$AX$3:$AX$42,'① 笔记追踪总表'!$G$3:$G$42,"KOC") | G21: =IFERROR(AVERAGEIFS('① 笔记追踪总表'!$AV$3:$AV$42,'① 笔记追踪总表'!$G$3:$G$42,"KOC"),"")
A24: 按 笔记类型
A25: 分组 | B25: 篇数 | C25: 总曝光 | D25: 总互动量 | E25: 均互动率 | F25: 总花费(元) | G25: 均CPE
A26: A·选购攻略 | B26: =COUNTIFS('① 笔记追踪总表'!$J$3:$J$42,"A·选购攻略") | C26: =SUMIFS('① 笔记追踪总表'!$AM$3:$AM$42,'① 笔记追踪总表'!$J$3:$J$42,"A·选购攻略") | D26: =SUMIFS('① 笔记追踪总表'!$AS$3:$AS$42,'① 笔记追踪总表'!$J$3:$J$42,"A·选购攻略") | E26: =IFERROR(AVERAGEIFS('① 笔记追踪总表'!$AT$3:$AT$42,'① 笔记追踪总表'!$J$3:$J$42,"A·选购攻略"),"") | F26: =SUMIFS('① 笔记追踪总表'!$AX$3:$AX$42,'① 笔记追踪总表'!$J$3:$J$42,"A·选购攻略") | G26: =IFERROR(AVERAGEIFS('① 笔记追踪总表'!$AV$3:$AV$42,'① 笔记追踪总表'!$J$3:$J$42,"A·选购攻略"),"")
A27: B·测评回购 | B27: =COUNTIFS('① 笔记追踪总表'!$J$3:$J$42,"B·测评回购") | C27: =SUMIFS('① 笔记追踪总表'!$AM$3:$AM$42,'① 笔记追踪总表'!$J$3:$J$42,"B·测评回购") | D27: =SUMIFS('① 笔记追踪总表'!$AS$3:$AS$42,'① 笔记追踪总表'!$J$3:$J$42,"B·测评回购") | E27: =IFERROR(AVERAGEIFS('① 笔记追踪总表'!$AT$3:$AT$42,'① 笔记追踪总表'!$J$3:$J$42,"B·测评回购"),"") | F27: =SUMIFS('① 笔记追踪总表'!$AX$3:$AX$42,'① 笔记追踪总表'!$J$3:$J$42,"B·测评回购") | G27: =IFERROR(AVERAGEIFS('① 笔记追踪总表'!$AV$3:$AV$42,'① 笔记追踪总表'!$J$3:$J$42,"B·测评回购"),"")
A28: C·场景种草 | B28: =COUNTIFS('① 笔记追踪总表'!$J$3:$J$42,"C·场景种草") | C28: =SUMIFS('① 笔记追踪总表'!$AM$3:$AM$42,'① 笔记追踪总表'!$J$3:$J$42,"C·场景种草") | D28: =SUMIFS('① 笔记追踪总表'!$AS$3:$AS$42,'① 笔记追踪总表'!$J$3:$J$42,"C·场景种草") | E28: =IFERROR(AVERAGEIFS('① 笔记追踪总表'!$AT$3:$AT$42,'① 笔记追踪总表'!$J$3:$J$42,"C·场景种草"),"") | F28: =SUMIFS('① 笔记追踪总表'!$AX$3:$AX$42,'① 笔记追踪总表'!$J$3:$J$42,"C·场景种草") | G28: =IFERROR(AVERAGEIFS('① 笔记追踪总表'!$AV$3:$AV$42,'① 笔记追踪总表'!$J$3:$J$42,"C·场景种草"),"")
A29: D·开箱vlog | B29: =COUNTIFS('① 笔记追踪总表'!$J$3:$J$42,"D·开箱vlog") | C29: =SUMIFS('① 笔记追踪总表'!$AM$3:$AM$42,'① 笔记追踪总表'!$J$3:$J$42,"D·开箱vlog") | D29: =SUMIFS('① 笔记追踪总表'!$AS$3:$AS$42,'① 笔记追踪总表'!$J$3:$J$42,"D·开箱vlog") | E29: =IFERROR(AVERAGEIFS('① 笔记追踪总表'!$AT$3:$AT$42,'① 笔记追踪总表'!$J$3:$J$42,"D·开箱vlog"),"") | F29: =SUMIFS('① 笔记追踪总表'!$AX$3:$AX$42,'① 笔记追踪总表'!$J$3:$J$42,"D·开箱vlog") | G29: =IFERROR(AVERAGEIFS('① 笔记追踪总表'!$AV$3:$AV$42,'① 笔记追踪总表'!$J$3:$J$42,"D·开箱vlog"),"")
A30: E·比价囤货 | B30: =COUNTIFS('① 笔记追踪总表'!$J$3:$J$42,"E·比价囤货") | C30: =SUMIFS('① 笔记追踪总表'!$AM$3:$AM$42,'① 笔记追踪总表'!$J$3:$J$42,"E·比价囤货") | D30: =SUMIFS('① 笔记追踪总表'!$AS$3:$AS$42,'① 笔记追踪总表'!$J$3:$J$42,"E·比价囤货") | E30: =IFERROR(AVERAGEIFS('① 笔记追踪总表'!$AT$3:$AT$42,'① 笔记追踪总表'!$J$3:$J$42,"E·比价囤货"),"") | F30: =SUMIFS('① 笔记追踪总表'!$AX$3:$AX$42,'① 笔记追踪总表'!$J$3:$J$42,"E·比价囤货") | G30: =IFERROR(AVERAGEIFS('① 笔记追踪总表'!$AV$3:$AV$42,'① 笔记追踪总表'!$J$3:$J$42,"E·比价囤货"),"")
A33: 按 内容形式
A34: 分组 | B34: 篇数 | C34: 总曝光 | D34: 总互动量 | E34: 均互动率 | F34: 总花费(元) | G34: 均CPE
A35: 图文 | B35: =COUNTIFS('① 笔记追踪总表'!$K$3:$K$42,"图文") | C35: =SUMIFS('① 笔记追踪总表'!$AM$3:$AM$42,'① 笔记追踪总表'!$K$3:$K$42,"图文") | D35: =SUMIFS('① 笔记追踪总表'!$AS$3:$AS$42,'① 笔记追踪总表'!$K$3:$K$42,"图文") | E35: =IFERROR(AVERAGEIFS('① 笔记追踪总表'!$AT$3:$AT$42,'① 笔记追踪总表'!$K$3:$K$42,"图文"),"") | F35: =SUMIFS('① 笔记追踪总表'!$AX$3:$AX$42,'① 笔记追踪总表'!$K$3:$K$42,"图文") | G35: =IFERROR(AVERAGEIFS('① 笔记追踪总表'!$AV$3:$AV$42,'① 笔记追踪总表'!$K$3:$K$42,"图文"),"")
A36: 视频 | B36: =COUNTIFS('① 笔记追踪总表'!$K$3:$K$42,"视频") | C36: =SUMIFS('① 笔记追踪总表'!$AM$3:$AM$42,'① 笔记追踪总表'!$K$3:$K$42,"视频") | D36: =SUMIFS('① 笔记追踪总表'!$AS$3:$AS$42,'① 笔记追踪总表'!$K$3:$K$42,"视频") | E36: =IFERROR(AVERAGEIFS('① 笔记追踪总表'!$AT$3:$AT$42,'① 笔记追踪总表'!$K$3:$K$42,"视频"),"") | F36: =SUMIFS('① 笔记追踪总表'!$AX$3:$AX$42,'① 笔记追踪总表'!$K$3:$K$42,"视频") | G36: =IFERROR(AVERAGEIFS('① 笔记追踪总表'!$AV$3:$AV$42,'① 笔记追踪总表'!$K$3:$K$42,"视频"),"")

Sheet ③ 填写说明
A1: 填写说明 / 图例
A2: 浅黄底 单元格 | B2: 需要人工填写（输入项）
A3: 浅灰底 单元格 | B3: 自动公式，勿手动改（发布月/互动量/互动率/收藏率/CPE/CPM）
A4: 下拉列表 | B4: 状态·层级·产品·类型·形式·合规审核·结算等为下拉选择，选项在「选项」页可维护
A6: ① 排期·投前确认 | B6: 发布前填：排期、达人、产品、类型、脚本、【合规审核】、确认可投。未过审不得投。
A7: ② 投后·基础 | B7: 发布后填：实际发布日、标题、链接、图片数、品牌词、主话题词。
A8: ③ 数据追踪 | B8: 按 T+3 / T+7 / T+15 三个时点采集：曝光/赞/藏/评/分享 + 证据截图(IMG编号或云链接)。
A9: ④ 效率指标 | B9: 自动算：互动量=赞+藏+评+分享(T+15)；互动率=互动/曝光；CPE=费用/互动量；CPM=费用/曝光×1000。
A10: ⑤ 结算·转化 | B10: 费用、是否笔直合作、结算状态、15天成交转化、备注。
A11: Dashboard | B11: 按 产品/层级/类型/形式 自动汇总篇数·曝光·互动·互动率·花费·CPE，复盘不用手算。
A13: ⚠️ 合规红线词 | B13: 美白/焕白/去黄/淡斑/抗老/抗衰/A醇/视黄醇/修复屏障/祛痘/医美/院线/极限词。改用：提亮/透亮/水润/细致毛孔。

Sheet 选项
A1: 状态 | B1: 达人层级 | C1: 内部对接人 | D1: 投放产品SPU | E1: 笔记类型 | F1: 内容形式 | G1: 合规审核 | H1: 审核人 | I1: 是否 | J1: 话题维护 | K1: 结算状态
A2: 排期 | B2: 头部KOL | C2: （填成员名） | D2: 黑钻VC100(黑金) | E2: A·选购攻略 | F2: 图文 | G2: 待审 | H2: （填成员名） | I2: 是 | J2: 已维护 | K2: 未付
A3: 待审稿 | B3: 腰部 | C3: 曹 | D3: 金色·提亮补水 | E3: B·测评回购 | F3: 视频 | G3: ✅通过 | H3: 曹 | I3: 否 | J3: 未维护 | K3: 已付
A4: 已投 | B4: 尾部 | C4: 成员A | D4: 黑银·水光细毛孔 | E4: C·场景种草 | G4: ⚠️需改 | H4: 成员A | J4: 不适用 | K4: 部分付
A5: 追踪中 | B5: KOC | C5: 成员B | D5: 深蓝·维稳补水 | E5: D·开箱vlog | G5: ❌驳回
A6: 已结案 | D6: 银色·提亮 | E6: E·比价囤货
D7: 护眼丸
D8: 补铁片
D9: 护肝片
D10: （其他/新品）
