Workbook

Sheet ① 图文KOC投放笔记
A1: 排期 · 投前确认 | N1: 投后 · 基础 | V1: 数据追踪 T+3 | AC1: 数据追踪 T+7 | AJ1: 数据追踪 T+15 | AQ1: 效率指标（自动） | AV1: 结算 · 转化
A2: 序号 | B2: 状态 | C2: 计划发布日 | D2: 达人名称 | E2: 达人主页链接 | F2: 合作社/MCN | G2: 达人层级 | H2: 内部对接人 | I2: 投放产品 | J2: 脚本/初稿链接 | K2: 合规审核 | L2: 审核人 | M2: 确认可投 | N2: 实际发布日 | O2: 发布月 | P2: 笔记标题 | Q2: 笔记链接 | R2: 图片数 | S2: 品牌词植入 | T2: 话题维护 | U2: 主话题词 | V2: T+3采集日 | W2: 曝光 | X2: 点赞 | Y2: 收藏 | Z2: 评论 | AA2: 分享 | AB2: 证据截图 | AC2: T+7采集日 | AD2: 曝光 | AE2: 点赞 | AF2: 收藏 | AG2: 评论 | AH2: 分享 | AI2: 证据截图 | AJ2: T+15采集日 | AK2: 曝光 | AL2: 点赞 | AM2: 收藏 | AN2: 评论 | AO2: 分享 | AP2: 证据截图 | AQ2: 最终互动量 | AR2: 互动率 | AS2: 收藏率 | AT2: CPE互动成本 | AU2: CPM千次曝光 | AV2: 笔记费用(元) | AW2: 笔直合作 | AX2: 结算状态 | AY2: 成交转化15天 | AZ2: 备注memo
A3: 1 | O3: =IF(N3="","",TEXT(N3,"YYYY-MM")) | AQ3: =IF(AK3="","",AL3+AM3+AN3+AO3) | AR3: =IF(OR(AK3="",AK3=0),"",AQ3/AK3) | AS3: =IF(OR(AK3="",AK3=0),"",AM3/AK3) | AT3: =IF(OR(AV3="",AQ3="",AQ3=0),"",AV3/AQ3) | AU3: =IF(OR(AV3="",AK3="",AK3=0),"",AV3/AK3*1000)
A4: 2 | O4: =IF(N4="","",TEXT(N4,"YYYY-MM")) | AQ4: =IF(AK4="","",AL4+AM4+AN4+AO4) | AR4: =IF(OR(AK4="",AK4=0),"",AQ4/AK4) | AS4: =IF(OR(AK4="",AK4=0),"",AM4/AK4) | AT4: =IF(OR(AV4="",AQ4="",AQ4=0),"",AV4/AQ4) | AU4: =IF(OR(AV4="",AK4="",AK4=0),"",AV4/AK4*1000)
A5: 3 | O5: =IF(N5="","",TEXT(N5,"YYYY-MM")) | AQ5: =IF(AK5="","",AL5+AM5+AN5+AO5) | AR5: =IF(OR(AK5="",AK5=0),"",AQ5/AK5) | AS5: =IF(OR(AK5="",AK5=0),"",AM5/AK5) | AT5: =IF(OR(AV5="",AQ5="",AQ5=0),"",AV5/AQ5) | AU5: =IF(OR(AV5="",AK5="",AK5=0),"",AV5/AK5*1000)
A6: 4 | O6: =IF(N6="","",TEXT(N6,"YYYY-MM")) | AQ6: =IF(AK6="","",AL6+AM6+AN6+AO6) | AR6: =IF(OR(AK6="",AK6=0),"",AQ6/AK6) | AS6: =IF(OR(AK6="",AK6=0),"",AM6/AK6) | AT6: =IF(OR(AV6="",AQ6="",AQ6=0),"",AV6/AQ6) | AU6: =IF(OR(AV6="",AK6="",AK6=0),"",AV6/AK6*1000)
A7: 5 | O7: =IF(N7="","",TEXT(N7,"YYYY-MM")) | AQ7: =IF(AK7="","",AL7+AM7+AN7+AO7) | AR7: =IF(OR(AK7="",AK7=0),"",AQ7/AK7) | AS7: =IF(OR(AK7="",AK7=0),"",AM7/AK7) | AT7: =IF(OR(AV7="",AQ7="",AQ7=0),"",AV7/AQ7) | AU7: =IF(OR(AV7="",AK7="",AK7=0),"",AV7/AK7*1000)
A8: 6 | O8: =IF(N8="","",TEXT(N8,"YYYY-MM")) | AQ8: =IF(AK8="","",AL8+AM8+AN8+AO8) | AR8: =IF(OR(AK8="",AK8=0),"",AQ8/AK8) | AS8: =IF(OR(AK8="",AK8=0),"",AM8/AK8) | AT8: =IF(OR(AV8="",AQ8="",AQ8=0),"",AV8/AQ8) | AU8: =IF(OR(AV8="",AK8="",AK8=0),"",AV8/AK8*1000)
A9: 7 | O9: =IF(N9="","",TEXT(N9,"YYYY-MM")) | AQ9: =IF(AK9="","",AL9+AM9+AN9+AO9) | AR9: =IF(OR(AK9="",AK9=0),"",AQ9/AK9) | AS9: =IF(OR(AK9="",AK9=0),"",AM9/AK9) | AT9: =IF(OR(AV9="",AQ9="",AQ9=0),"",AV9/AQ9) | AU9: =IF(OR(AV9="",AK9="",AK9=0),"",AV9/AK9*1000)
A10: 8 | O10: =IF(N10="","",TEXT(N10,"YYYY-MM")) | AQ10: =IF(AK10="","",AL10+AM10+AN10+AO10) | AR10: =IF(OR(AK10="",AK10=0),"",AQ10/AK10) | AS10: =IF(OR(AK10="",AK10=0),"",AM10/AK10) | AT10: =IF(OR(AV10="",AQ10="",AQ10=0),"",AV10/AQ10) | AU10: =IF(OR(AV10="",AK10="",AK10=0),"",AV10/AK10*1000)
A11: 9 | O11: =IF(N11="","",TEXT(N11,"YYYY-MM")) | AQ11: =IF(AK11="","",AL11+AM11+AN11+AO11) | AR11: =IF(OR(AK11="",AK11=0),"",AQ11/AK11) | AS11: =IF(OR(AK11="",AK11=0),"",AM11/AK11) | AT11: =IF(OR(AV11="",AQ11="",AQ11=0),"",AV11/AQ11) | AU11: =IF(OR(AV11="",AK11="",AK11=0),"",AV11/AK11*1000)
A12: 10 | O12: =IF(N12="","",TEXT(N12,"YYYY-MM")) | AQ12: =IF(AK12="","",AL12+AM12+AN12+AO12) | AR12: =IF(OR(AK12="",AK12=0),"",AQ12/AK12) | AS12: =IF(OR(AK12="",AK12=0),"",AM12/AK12) | AT12: =IF(OR(AV12="",AQ12="",AQ12=0),"",AV12/AQ12) | AU12: =IF(OR(AV12="",AK12="",AK12=0),"",AV12/AK12*1000)
A13: 11 | O13: =IF(N13="","",TEXT(N13,"YYYY-MM")) | AQ13: =IF(AK13="","",AL13+AM13+AN13+AO13) | AR13: =IF(OR(AK13="",AK13=0),"",AQ13/AK13) | AS13: =IF(OR(AK13="",AK13=0),"",AM13/AK13) | AT13: =IF(OR(AV13="",AQ13="",AQ13=0),"",AV13/AQ13) | AU13: =IF(OR(AV13="",AK13="",AK13=0),"",AV13/AK13*1000)
A14: 12 | O14: =IF(N14="","",TEXT(N14,"YYYY-MM")) | AQ14: =IF(AK14="","",AL14+AM14+AN14+AO14) | AR14: =IF(OR(AK14="",AK14=0),"",AQ14/AK14) | AS14: =IF(OR(AK14="",AK14=0),"",AM14/AK14) | AT14: =IF(OR(AV14="",AQ14="",AQ14=0),"",AV14/AQ14) | AU14: =IF(OR(AV14="",AK14="",AK14=0),"",AV14/AK14*1000)
... A42: 40 | O42: =IF(N42="","",TEXT(N42,"YYYY-MM")) | AQ42: =IF(AK42="","",AL42+AM42+AN42+AO42) | AR42: =IF(OR(AK42="",AK42=0),"",AQ42/AK42) | AS42: =IF(OR(AK42="",AK42=0),"",AM42/AK42) | AT42: =IF(OR(AV42="",AQ42="",AQ42=0),"",AV42/AQ42) | AU42: =IF(OR(AV42="",AK42="",AK42=0),"",AV42/AK42*1000)

Sheet ② 视频KOC投放笔记
A1: 排期 · 投前确认 | N1: 投后 · 基础 | V1: 数据追踪 T+3 | AC1: 数据追踪 T+7 | AJ1: 数据追踪 T+15 | AQ1: 效率指标（自动） | AV1: 结算 · 转化
A2: 序号 | B2: 状态 | C2: 计划发布日 | D2: 达人名称 | E2: 达人主页链接 | F2: 合作社/MCN | G2: 达人层级 | H2: 内部对接人 | I2: 投放产品 | J2: 脚本/初稿链接 | K2: 合规审核 | L2: 审核人 | M2: 确认可投 | N2: 实际发布日 | O2: 发布月 | P2: 笔记标题 | Q2: 笔记链接 | R2: 视频时长(秒) | S2: 品牌词植入 | T2: 话题维护 | U2: 主话题词 | V2: T+3采集日 | W2: 曝光 | X2: 点赞 | Y2: 收藏 | Z2: 评论 | AA2: 分享 | AB2: 证据截图 | AC2: T+7采集日 | AD2: 曝光 | AE2: 点赞 | AF2: 收藏 | AG2: 评论 | AH2: 分享 | AI2: 证据截图 | AJ2: T+15采集日 | AK2: 曝光 | AL2: 点赞 | AM2: 收藏 | AN2: 评论 | AO2: 分享 | AP2: 证据截图 | AQ2: 最终互动量 | AR2: 互动率 | AS2: 收藏率 | AT2: CPE互动成本 | AU2: CPM千次曝光 | AV2: 笔记费用(元) | AW2: 笔直合作 | AX2: 结算状态 | AY2: 成交转化15天 | AZ2: 备注memo
A3: 1 | O3: =IF(N3="","",TEXT(N3,"YYYY-MM")) | AQ3: =IF(AK3="","",AL3+AM3+AN3+AO3) | AR3: =IF(OR(AK3="",AK3=0),"",AQ3/AK3) | AS3: =IF(OR(AK3="",AK3=0),"",AM3/AK3) | AT3: =IF(OR(AV3="",AQ3="",AQ3=0),"",AV3/AQ3) | AU3: =IF(OR(AV3="",AK3="",AK3=0),"",AV3/AK3*1000)
A4: 2 | O4: =IF(N4="","",TEXT(N4,"YYYY-MM")) | AQ4: =IF(AK4="","",AL4+AM4+AN4+AO4) | AR4: =IF(OR(AK4="",AK4=0),"",AQ4/AK4) | AS4: =IF(OR(AK4="",AK4=0),"",AM4/AK4) | AT4: =IF(OR(AV4="",AQ4="",AQ4=0),"",AV4/AQ4) | AU4: =IF(OR(AV4="",AK4="",AK4=0),"",AV4/AK4*1000)
A5: 3 | O5: =IF(N5="","",TEXT(N5,"YYYY-MM")) | AQ5: =IF(AK5="","",AL5+AM5+AN5+AO5) | AR5: =IF(OR(AK5="",AK5=0),"",AQ5/AK5) | AS5: =IF(OR(AK5="",AK5=0),"",AM5/AK5) | AT5: =IF(OR(AV5="",AQ5="",AQ5=0),"",AV5/AQ5) | AU5: =IF(OR(AV5="",AK5="",AK5=0),"",AV5/AK5*1000)
A6: 4 | O6: =IF(N6="","",TEXT(N6,"YYYY-MM")) | AQ6: =IF(AK6="","",AL6+AM6+AN6+AO6) | AR6: =IF(OR(AK6="",AK6=0),"",AQ6/AK6) | AS6: =IF(OR(AK6="",AK6=0),"",AM6/AK6) | AT6: =IF(OR(AV6="",AQ6="",AQ6=0),"",AV6/AQ6) | AU6: =IF(OR(AV6="",AK6="",AK6=0),"",AV6/AK6*1000)
A7: 5 | O7: =IF(N7="","",TEXT(N7,"YYYY-MM")) | AQ7: =IF(AK7="","",AL7+AM7+AN7+AO7) | AR7: =IF(OR(AK7="",AK7=0),"",AQ7/AK7) | AS7: =IF(OR(AK7="",AK7=0),"",AM7/AK7) | AT7: =IF(OR(AV7="",AQ7="",AQ7=0),"",AV7/AQ7) | AU7: =IF(OR(AV7="",AK7="",AK7=0),"",AV7/AK7*1000)
A8: 6 | O8: =IF(N8="","",TEXT(N8,"YYYY-MM")) | AQ8: =IF(AK8="","",AL8+AM8+AN8+AO8) | AR8: =IF(OR(AK8="",AK8=0),"",AQ8/AK8) | AS8: =IF(OR(AK8="",AK8=0),"",AM8/AK8) | AT8: =IF(OR(AV8="",AQ8="",AQ8=0),"",AV8/AQ8) | AU8: =IF(OR(AV8="",AK8="",AK8=0),"",AV8/AK8*1000)
A9: 7 | O9: =IF(N9="","",TEXT(N9,"YYYY-MM")) | AQ9: =IF(AK9="","",AL9+AM9+AN9+AO9) | AR9: =IF(OR(AK9="",AK9=0),"",AQ9/AK9) | AS9: =IF(OR(AK9="",AK9=0),"",AM9/AK9) | AT9: =IF(OR(AV9="",AQ9="",AQ9=0),"",AV9/AQ9) | AU9: =IF(OR(AV9="",AK9="",AK9=0),"",AV9/AK9*1000)
A10: 8 | O10: =IF(N10="","",TEXT(N10,"YYYY-MM")) | AQ10: =IF(AK10="","",AL10+AM10+AN10+AO10) | AR10: =IF(OR(AK10="",AK10=0),"",AQ10/AK10) | AS10: =IF(OR(AK10="",AK10=0),"",AM10/AK10) | AT10: =IF(OR(AV10="",AQ10="",AQ10=0),"",AV10/AQ10) | AU10: =IF(OR(AV10="",AK10="",AK10=0),"",AV10/AK10*1000)
A11: 9 | O11: =IF(N11="","",TEXT(N11,"YYYY-MM")) | AQ11: =IF(AK11="","",AL11+AM11+AN11+AO11) | AR11: =IF(OR(AK11="",AK11=0),"",AQ11/AK11) | AS11: =IF(OR(AK11="",AK11=0),"",AM11/AK11) | AT11: =IF(OR(AV11="",AQ11="",AQ11=0),"",AV11/AQ11) | AU11: =IF(OR(AV11="",AK11="",AK11=0),"",AV11/AK11*1000)
A12: 10 | O12: =IF(N12="","",TEXT(N12,"YYYY-MM")) | AQ12: =IF(AK12="","",AL12+AM12+AN12+AO12) | AR12: =IF(OR(AK12="",AK12=0),"",AQ12/AK12) | AS12: =IF(OR(AK12="",AK12=0),"",AM12/AK12) | AT12: =IF(OR(AV12="",AQ12="",AQ12=0),"",AV12/AQ12) | AU12: =IF(OR(AV12="",AK12="",AK12=0),"",AV12/AK12*1000)
A13: 11 | O13: =IF(N13="","",TEXT(N13,"YYYY-MM")) | AQ13: =IF(AK13="","",AL13+AM13+AN13+AO13) | AR13: =IF(OR(AK13="",AK13=0),"",AQ13/AK13) | AS13: =IF(OR(AK13="",AK13=0),"",AM13/AK13) | AT13: =IF(OR(AV13="",AQ13="",AQ13=0),"",AV13/AQ13) | AU13: =IF(OR(AV13="",AK13="",AK13=0),"",AV13/AK13*1000)
A14: 12 | O14: =IF(N14="","",TEXT(N14,"YYYY-MM")) | AQ14: =IF(AK14="","",AL14+AM14+AN14+AO14) | AR14: =IF(OR(AK14="",AK14=0),"",AQ14/AK14) | AS14: =IF(OR(AK14="",AK14=0),"",AM14/AK14) | AT14: =IF(OR(AV14="",AQ14="",AQ14=0),"",AV14/AQ14) | AU14: =IF(OR(AV14="",AK14="",AK14=0),"",AV14/AK14*1000)
... A42: 40 | O42: =IF(N42="","",TEXT(N42,"YYYY-MM")) | AQ42: =IF(AK42="","",AL42+AM42+AN42+AO42) | AR42: =IF(OR(AK42="",AK42=0),"",AQ42/AK42) | AS42: =IF(OR(AK42="",AK42=0),"",AM42/AK42) | AT42: =IF(OR(AV42="",AQ42="",AQ42=0),"",AV42/AQ42) | AU42: =IF(OR(AV42="",AK42="",AK42=0),"",AV42/AK42*1000)

Sheet ③ 店铺自发笔记
A1: 排期 · 投前确认 | K1: 投后 · 基础 | Q1: 数据追踪 T+3 | X1: 数据追踪 T+7 | AE1: 数据追踪 T+15 | AL1: 效率指标（自动） | AO1: 结算 · 转化
A2: 序号 | B2: 状态 | C2: 计划发布日 | D2: 发布账号 | E2: 投放产品 | F2: 内容形式 | G2: 脚本/初稿链接 | H2: 合规审核 | I2: 审核人 | J2: 确认可发 | K2: 实际发布日 | L2: 发布月 | M2: 笔记标题 | N2: 笔记链接 | O2: 图片数/时长 | P2: 主话题词 | Q2: T+3采集日 | R2: 曝光 | S2: 点赞 | T2: 收藏 | U2: 评论 | V2: 分享 | W2: 证据截图 | X2: T+7采集日 | Y2: 曝光 | Z2: 点赞 | AA2: 收藏 | AB2: 评论 | AC2: 分享 | AD2: 证据截图 | AE2: T+15采集日 | AF2: 曝光 | AG2: 点赞 | AH2: 收藏 | AI2: 评论 | AJ2: 分享 | AK2: 证据截图 | AL2: 最终互动量 | AM2: 互动率 | AN2: 收藏率 | AO2: 备注memo
A3: 1 | L3: =IF(K3="","",TEXT(K3,"YYYY-MM")) | AL3: =IF(AF3="","",AG3+AH3+AI3+AJ3) | AM3: =IF(OR(AF3="",AF3=0),"",AL3/AF3) | AN3: =IF(OR(AF3="",AF3=0),"",AH3/AF3)
A4: 2 | L4: =IF(K4="","",TEXT(K4,"YYYY-MM")) | AL4: =IF(AF4="","",AG4+AH4+AI4+AJ4) | AM4: =IF(OR(AF4="",AF4=0),"",AL4/AF4) | AN4: =IF(OR(AF4="",AF4=0),"",AH4/AF4)
A5: 3 | L5: =IF(K5="","",TEXT(K5,"YYYY-MM")) | AL5: =IF(AF5="","",AG5+AH5+AI5+AJ5) | AM5: =IF(OR(AF5="",AF5=0),"",AL5/AF5) | AN5: =IF(OR(AF5="",AF5=0),"",AH5/AF5)
A6: 4 | L6: =IF(K6="","",TEXT(K6,"YYYY-MM")) | AL6: =IF(AF6="","",AG6+AH6+AI6+AJ6) | AM6: =IF(OR(AF6="",AF6=0),"",AL6/AF6) | AN6: =IF(OR(AF6="",AF6=0),"",AH6/AF6)
A7: 5 | L7: =IF(K7="","",TEXT(K7,"YYYY-MM")) | AL7: =IF(AF7="","",AG7+AH7+AI7+AJ7) | AM7: =IF(OR(AF7="",AF7=0),"",AL7/AF7) | AN7: =IF(OR(AF7="",AF7=0),"",AH7/AF7)
A8: 6 | L8: =IF(K8="","",TEXT(K8,"YYYY-MM")) | AL8: =IF(AF8="","",AG8+AH8+AI8+AJ8) | AM8: =IF(OR(AF8="",AF8=0),"",AL8/AF8) | AN8: =IF(OR(AF8="",AF8=0),"",AH8/AF8)
A9: 7 | L9: =IF(K9="","",TEXT(K9,"YYYY-MM")) | AL9: =IF(AF9="","",AG9+AH9+AI9+AJ9) | AM9: =IF(OR(AF9="",AF9=0),"",AL9/AF9) | AN9: =IF(OR(AF9="",AF9=0),"",AH9/AF9)
A10: 8 | L10: =IF(K10="","",TEXT(K10,"YYYY-MM")) | AL10: =IF(AF10="","",AG10+AH10+AI10+AJ10) | AM10: =IF(OR(AF10="",AF10=0),"",AL10/AF10) | AN10: =IF(OR(AF10="",AF10=0),"",AH10/AF10)
A11: 9 | L11: =IF(K11="","",TEXT(K11,"YYYY-MM")) | AL11: =IF(AF11="","",AG11+AH11+AI11+AJ11) | AM11: =IF(OR(AF11="",AF11=0),"",AL11/AF11) | AN11: =IF(OR(AF11="",AF11=0),"",AH11/AF11)
A12: 10 | L12: =IF(K12="","",TEXT(K12,"YYYY-MM")) | AL12: =IF(AF12="","",AG12+AH12+AI12+AJ12) | AM12: =IF(OR(AF12="",AF12=0),"",AL12/AF12) | AN12: =IF(OR(AF12="",AF12=0),"",AH12/AF12)
A13: 11 | L13: =IF(K13="","",TEXT(K13,"YYYY-MM")) | AL13: =IF(AF13="","",AG13+AH13+AI13+AJ13) | AM13: =IF(OR(AF13="",AF13=0),"",AL13/AF13) | AN13: =IF(OR(AF13="",AF13=0),"",AH13/AF13)
A14: 12 | L14: =IF(K14="","",TEXT(K14,"YYYY-MM")) | AL14: =IF(AF14="","",AG14+AH14+AI14+AJ14) | AM14: =IF(OR(AF14="",AF14=0),"",AL14/AF14) | AN14: =IF(OR(AF14="",AF14=0),"",AH14/AF14)
... A42: 40 | L42: =IF(K42="","",TEXT(K42,"YYYY-MM")) | AL42: =IF(AF42="","",AG42+AH42+AI42+AJ42) | AM42: =IF(OR(AF42="",AF42=0),"",AL42/AF42) | AN42: =IF(OR(AF42="",AF42=0),"",AH42/AF42)

Sheet ④ 素人笔记·留存追踪
A1: 素人笔记 · 基础 | J1: 发现时基线 | N1: 观测① · 第1个月 | S1: 观测② · 第2个月 | X1: 观测③ · 第3个月 | AC1: 留存结果（自动）
A2: 序号 | B2: 首次发现日 | C2: 素人账号昵称 | D2: 账号链接 | E2: 涉及产品 | F2: 内容形式 | G2: 情感倾向 | H2: 笔记标题 | I2: 笔记链接 | J2: 基线-曝光估 | K2: 基线-点赞 | L2: 基线-收藏 | M2: 基线-评论 | N2: ①观测日 | O2: ①状态 | P2: ①点赞 | Q2: ①收藏 | R2: ①评论 | S2: ②观测日 | T2: ②状态 | U2: ②点赞 | V2: ②收藏 | W2: ②评论 | X2: ③观测日 | Y2: ③状态 | Z2: ③点赞 | AA2: ③收藏 | AB2: ③评论 | AC2: 存活观测数 | AD2: 满3月留存 | AE2: 备注
A3: 1 | AC3: =IF(O3="","",IF(O3="在",1,0)+IF(T3="在",1,0)+IF(Y3="在",1,0)) | AD3: =IF(Y3="在","是",IF(OR(O3="",T3="",Y3=""),"观测中","否"))
A4: 2 | AC4: =IF(O4="","",IF(O4="在",1,0)+IF(T4="在",1,0)+IF(Y4="在",1,0)) | AD4: =IF(Y4="在","是",IF(OR(O4="",T4="",Y4=""),"观测中","否"))
A5: 3 | AC5: =IF(O5="","",IF(O5="在",1,0)+IF(T5="在",1,0)+IF(Y5="在",1,0)) | AD5: =IF(Y5="在","是",IF(OR(O5="",T5="",Y5=""),"观测中","否"))
A6: 4 | AC6: =IF(O6="","",IF(O6="在",1,0)+IF(T6="在",1,0)+IF(Y6="在",1,0)) | AD6: =IF(Y6="在","是",IF(OR(O6="",T6="",Y6=""),"观测中","否"))
A7: 5 | AC7: =IF(O7="","",IF(O7="在",1,0)+IF(T7="在",1,0)+IF(Y7="在",1,0)) | AD7: =IF(Y7="在","是",IF(OR(O7="",T7="",Y7=""),"观测中","否"))
A8: 6 | AC8: =IF(O8="","",IF(O8="在",1,0)+IF(T8="在",1,0)+IF(Y8="在",1,0)) | AD8: =IF(Y8="在","是",IF(OR(O8="",T8="",Y8=""),"观测中","否"))
A9: 7 | AC9: =IF(O9="","",IF(O9="在",1,0)+IF(T9="在",1,0)+IF(Y9="在",1,0)) | AD9: =IF(Y9="在","是",IF(OR(O9="",T9="",Y9=""),"观测中","否"))
A10: 8 | AC10: =IF(O10="","",IF(O10="在",1,0)+IF(T10="在",1,0)+IF(Y10="在",1,0)) | AD10: =IF(Y10="在","是",IF(OR(O10="",T10="",Y10=""),"观测中","否"))
A11: 9 | AC11: =IF(O11="","",IF(O11="在",1,0)+IF(T11="在",1,0)+IF(Y11="在",1,0)) | AD11: =IF(Y11="在","是",IF(OR(O11="",T11="",Y11=""),"观测中","否"))
A12: 10 | AC12: =IF(O12="","",IF(O12="在",1,0)+IF(T12="在",1,0)+IF(Y12="在",1,0)) | AD12: =IF(Y12="在","是",IF(OR(O12="",T12="",Y12=""),"观测中","否"))
A13: 11 | AC13: =IF(O13="","",IF(O13="在",1,0)+IF(T13="在",1,0)+IF(Y13="在",1,0)) | AD13: =IF(Y13="在","是",IF(OR(O13="",T13="",Y13=""),"观测中","否"))
A14: 12 | AC14: =IF(O14="","",IF(O14="在",1,0)+IF(T14="在",1,0)+IF(Y14="在",1,0)) | AD14: =IF(Y14="在","是",IF(OR(O14="",T14="",Y14=""),"观测中","否"))
... A52: 50 | AC52: =IF(O52="","",IF(O52="在",1,0)+IF(T52="在",1,0)+IF(Y52="在",1,0)) | AD52: =IF(Y52="在","是",IF(OR(O52="",T52="",Y52=""),"观测中","否"))

Sheet ⑤ 总览Dashboard
A1: 皇后的秘密 · 面膜(Quality1st代运营) · 笔记投放总览 Dashboard（自动汇总）
A2: 填各记录表后自动更新；如未刷新按 F9 或重开文件。
A4: 图文KOC投放（按产品）
A5: 产品 | B5: 篇数 | C5: 总曝光 | D5: 总互动 | E5: 均互动率 | F5: 总花费 | G5: 均CPE
A6: 黑钻VC100(黑金) | B6: =COUNTIFS('① 图文KOC投放笔记'!$I$3:$I$42,"黑钻VC100(黑金)") | C6: =SUMIFS('① 图文KOC投放笔记'!$AK$3:$AK$42,'① 图文KOC投放笔记'!$I$3:$I$42,"黑钻VC100(黑金)") | D6: =SUMIFS('① 图文KOC投放笔记'!$AQ$3:$AQ$42,'① 图文KOC投放笔记'!$I$3:$I$42,"黑钻VC100(黑金)") | E6: =IFERROR(AVERAGEIFS('① 图文KOC投放笔记'!$AR$3:$AR$42,'① 图文KOC投放笔记'!$I$3:$I$42,"黑钻VC100(黑金)"),"") | F6: =SUMIFS('① 图文KOC投放笔记'!$AV$3:$AV$42,'① 图文KOC投放笔记'!$I$3:$I$42,"黑钻VC100(黑金)") | G6: =IFERROR(AVERAGEIFS('① 图文KOC投放笔记'!$AT$3:$AT$42,'① 图文KOC投放笔记'!$I$3:$I$42,"黑钻VC100(黑金)"),"")
A7: 金色·提亮补水 | B7: =COUNTIFS('① 图文KOC投放笔记'!$I$3:$I$42,"金色·提亮补水") | C7: =SUMIFS('① 图文KOC投放笔记'!$AK$3:$AK$42,'① 图文KOC投放笔记'!$I$3:$I$42,"金色·提亮补水") | D7: =SUMIFS('① 图文KOC投放笔记'!$AQ$3:$AQ$42,'① 图文KOC投放笔记'!$I$3:$I$42,"金色·提亮补水") | E7: =IFERROR(AVERAGEIFS('① 图文KOC投放笔记'!$AR$3:$AR$42,'① 图文KOC投放笔记'!$I$3:$I$42,"金色·提亮补水"),"") | F7: =SUMIFS('① 图文KOC投放笔记'!$AV$3:$AV$42,'① 图文KOC投放笔记'!$I$3:$I$42,"金色·提亮补水") | G7: =IFERROR(AVERAGEIFS('① 图文KOC投放笔记'!$AT$3:$AT$42,'① 图文KOC投放笔记'!$I$3:$I$42,"金色·提亮补水"),"")
A8: 黑银·水光细毛孔 | B8: =COUNTIFS('① 图文KOC投放笔记'!$I$3:$I$42,"黑银·水光细毛孔") | C8: =SUMIFS('① 图文KOC投放笔记'!$AK$3:$AK$42,'① 图文KOC投放笔记'!$I$3:$I$42,"黑银·水光细毛孔") | D8: =SUMIFS('① 图文KOC投放笔记'!$AQ$3:$AQ$42,'① 图文KOC投放笔记'!$I$3:$I$42,"黑银·水光细毛孔") | E8: =IFERROR(AVERAGEIFS('① 图文KOC投放笔记'!$AR$3:$AR$42,'① 图文KOC投放笔记'!$I$3:$I$42,"黑银·水光细毛孔"),"") | F8: =SUMIFS('① 图文KOC投放笔记'!$AV$3:$AV$42,'① 图文KOC投放笔记'!$I$3:$I$42,"黑银·水光细毛孔") | G8: =IFERROR(AVERAGEIFS('① 图文KOC投放笔记'!$AT$3:$AT$42,'① 图文KOC投放笔记'!$I$3:$I$42,"黑银·水光细毛孔"),"")
A9: 深蓝·维稳补水 | B9: =COUNTIFS('① 图文KOC投放笔记'!$I$3:$I$42,"深蓝·维稳补水") | C9: =SUMIFS('① 图文KOC投放笔记'!$AK$3:$AK$42,'① 图文KOC投放笔记'!$I$3:$I$42,"深蓝·维稳补水") | D9: =SUMIFS('① 图文KOC投放笔记'!$AQ$3:$AQ$42,'① 图文KOC投放笔记'!$I$3:$I$42,"深蓝·维稳补水") | E9: =IFERROR(AVERAGEIFS('① 图文KOC投放笔记'!$AR$3:$AR$42,'① 图文KOC投放笔记'!$I$3:$I$42,"深蓝·维稳补水"),"") | F9: =SUMIFS('① 图文KOC投放笔记'!$AV$3:$AV$42,'① 图文KOC投放笔记'!$I$3:$I$42,"深蓝·维稳补水") | G9: =IFERROR(AVERAGEIFS('① 图文KOC投放笔记'!$AT$3:$AT$42,'① 图文KOC投放笔记'!$I$3:$I$42,"深蓝·维稳补水"),"")
A10: 银色·提亮 | B10: =COUNTIFS('① 图文KOC投放笔记'!$I$3:$I$42,"银色·提亮") | C10: =SUMIFS('① 图文KOC投放笔记'!$AK$3:$AK$42,'① 图文KOC投放笔记'!$I$3:$I$42,"银色·提亮") | D10: =SUMIFS('① 图文KOC投放笔记'!$AQ$3:$AQ$42,'① 图文KOC投放笔记'!$I$3:$I$42,"银色·提亮") | E10: =IFERROR(AVERAGEIFS('① 图文KOC投放笔记'!$AR$3:$AR$42,'① 图文KOC投放笔记'!$I$3:$I$42,"银色·提亮"),"") | F10: =SUMIFS('① 图文KOC投放笔记'!$AV$3:$AV$42,'① 图文KOC投放笔记'!$I$3:$I$42,"银色·提亮") | G10: =IFERROR(AVERAGEIFS('① 图文KOC投放笔记'!$AT$3:$AT$42,'① 图文KOC投放笔记'!$I$3:$I$42,"银色·提亮"),"")
A11: （其他/新品） | B11: =COUNTIFS('① 图文KOC投放笔记'!$I$3:$I$42,"（其他/新品）") | C11: =SUMIFS('① 图文KOC投放笔记'!$AK$3:$AK$42,'① 图文KOC投放笔记'!$I$3:$I$42,"（其他/新品）") | D11: =SUMIFS('① 图文KOC投放笔记'!$AQ$3:$AQ$42,'① 图文KOC投放笔记'!$I$3:$I$42,"（其他/新品）") | E11: =IFERROR(AVERAGEIFS('① 图文KOC投放笔记'!$AR$3:$AR$42,'① 图文KOC投放笔记'!$I$3:$I$42,"（其他/新品）"),"") | F11: =SUMIFS('① 图文KOC投放笔记'!$AV$3:$AV$42,'① 图文KOC投放笔记'!$I$3:$I$42,"（其他/新品）") | G11: =IFERROR(AVERAGEIFS('① 图文KOC投放笔记'!$AT$3:$AT$42,'① 图文KOC投放笔记'!$I$3:$I$42,"（其他/新品）"),"")
A13: 视频KOC投放（按产品）
A14: 产品 | B14: 篇数 | C14: 总曝光 | D14: 总互动 | E14: 均互动率 | F14: 总花费 | G14: 均CPE
A15: 黑钻VC100(黑金) | B15: =COUNTIFS('② 视频KOC投放笔记'!$I$3:$I$42,"黑钻VC100(黑金)") | C15: =SUMIFS('② 视频KOC投放笔记'!$AK$3:$AK$42,'② 视频KOC投放笔记'!$I$3:$I$42,"黑钻VC100(黑金)") | D15: =SUMIFS('② 视频KOC投放笔记'!$AQ$3:$AQ$42,'② 视频KOC投放笔记'!$I$3:$I$42,"黑钻VC100(黑金)") | E15: =IFERROR(AVERAGEIFS('② 视频KOC投放笔记'!$AR$3:$AR$42,'② 视频KOC投放笔记'!$I$3:$I$42,"黑钻VC100(黑金)"),"") | F15: =SUMIFS('② 视频KOC投放笔记'!$AV$3:$AV$42,'② 视频KOC投放笔记'!$I$3:$I$42,"黑钻VC100(黑金)") | G15: =IFERROR(AVERAGEIFS('② 视频KOC投放笔记'!$AT$3:$AT$42,'② 视频KOC投放笔记'!$I$3:$I$42,"黑钻VC100(黑金)"),"")
A16: 金色·提亮补水 | B16: =COUNTIFS('② 视频KOC投放笔记'!$I$3:$I$42,"金色·提亮补水") | C16: =SUMIFS('② 视频KOC投放笔记'!$AK$3:$AK$42,'② 视频KOC投放笔记'!$I$3:$I$42,"金色·提亮补水") | D16: =SUMIFS('② 视频KOC投放笔记'!$AQ$3:$AQ$42,'② 视频KOC投放笔记'!$I$3:$I$42,"金色·提亮补水") | E16: =IFERROR(AVERAGEIFS('② 视频KOC投放笔记'!$AR$3:$AR$42,'② 视频KOC投放笔记'!$I$3:$I$42,"金色·提亮补水"),"") | F16: =SUMIFS('② 视频KOC投放笔记'!$AV$3:$AV$42,'② 视频KOC投放笔记'!$I$3:$I$42,"金色·提亮补水") | G16: =IFERROR(AVERAGEIFS('② 视频KOC投放笔记'!$AT$3:$AT$42,'② 视频KOC投放笔记'!$I$3:$I$42,"金色·提亮补水"),"")
A17: 黑银·水光细毛孔 | B17: =COUNTIFS('② 视频KOC投放笔记'!$I$3:$I$42,"黑银·水光细毛孔") | C17: =SUMIFS('② 视频KOC投放笔记'!$AK$3:$AK$42,'② 视频KOC投放笔记'!$I$3:$I$42,"黑银·水光细毛孔") | D17: =SUMIFS('② 视频KOC投放笔记'!$AQ$3:$AQ$42,'② 视频KOC投放笔记'!$I$3:$I$42,"黑银·水光细毛孔") | E17: =IFERROR(AVERAGEIFS('② 视频KOC投放笔记'!$AR$3:$AR$42,'② 视频KOC投放笔记'!$I$3:$I$42,"黑银·水光细毛孔"),"") | F17: =SUMIFS('② 视频KOC投放笔记'!$AV$3:$AV$42,'② 视频KOC投放笔记'!$I$3:$I$42,"黑银·水光细毛孔") | G17: =IFERROR(AVERAGEIFS('② 视频KOC投放笔记'!$AT$3:$AT$42,'② 视频KOC投放笔记'!$I$3:$I$42,"黑银·水光细毛孔"),"")
A18: 深蓝·维稳补水 | B18: =COUNTIFS('② 视频KOC投放笔记'!$I$3:$I$42,"深蓝·维稳补水") | C18: =SUMIFS('② 视频KOC投放笔记'!$AK$3:$AK$42,'② 视频KOC投放笔记'!$I$3:$I$42,"深蓝·维稳补水") | D18: =SUMIFS('② 视频KOC投放笔记'!$AQ$3:$AQ$42,'② 视频KOC投放笔记'!$I$3:$I$42,"深蓝·维稳补水") | E18: =IFERROR(AVERAGEIFS('② 视频KOC投放笔记'!$AR$3:$AR$42,'② 视频KOC投放笔记'!$I$3:$I$42,"深蓝·维稳补水"),"") | F18: =SUMIFS('② 视频KOC投放笔记'!$AV$3:$AV$42,'② 视频KOC投放笔记'!$I$3:$I$42,"深蓝·维稳补水") | G18: =IFERROR(AVERAGEIFS('② 视频KOC投放笔记'!$AT$3:$AT$42,'② 视频KOC投放笔记'!$I$3:$I$42,"深蓝·维稳补水"),"")
A19: 银色·提亮 | B19: =COUNTIFS('② 视频KOC投放笔记'!$I$3:$I$42,"银色·提亮") | C19: =SUMIFS('② 视频KOC投放笔记'!$AK$3:$AK$42,'② 视频KOC投放笔记'!$I$3:$I$42,"银色·提亮") | D19: =SUMIFS('② 视频KOC投放笔记'!$AQ$3:$AQ$42,'② 视频KOC投放笔记'!$I$3:$I$42,"银色·提亮") | E19: =IFERROR(AVERAGEIFS('② 视频KOC投放笔记'!$AR$3:$AR$42,'② 视频KOC投放笔记'!$I$3:$I$42,"银色·提亮"),"") | F19: =SUMIFS('② 视频KOC投放笔记'!$AV$3:$AV$42,'② 视频KOC投放笔记'!$I$3:$I$42,"银色·提亮") | G19: =IFERROR(AVERAGEIFS('② 视频KOC投放笔记'!$AT$3:$AT$42,'② 视频KOC投放笔记'!$I$3:$I$42,"银色·提亮"),"")
A20: （其他/新品） | B20: =COUNTIFS('② 视频KOC投放笔记'!$I$3:$I$42,"（其他/新品）") | C20: =SUMIFS('② 视频KOC投放笔记'!$AK$3:$AK$42,'② 视频KOC投放笔记'!$I$3:$I$42,"（其他/新品）") | D20: =SUMIFS('② 视频KOC投放笔记'!$AQ$3:$AQ$42,'② 视频KOC投放笔记'!$I$3:$I$42,"（其他/新品）") | E20: =IFERROR(AVERAGEIFS('② 视频KOC投放笔记'!$AR$3:$AR$42,'② 视频KOC投放笔记'!$I$3:$I$42,"（其他/新品）"),"") | F20: =SUMIFS('② 视频KOC投放笔记'!$AV$3:$AV$42,'② 视频KOC投放笔记'!$I$3:$I$42,"（其他/新品）") | G20: =IFERROR(AVERAGEIFS('② 视频KOC投放笔记'!$AT$3:$AT$42,'② 视频KOC投放笔记'!$I$3:$I$42,"（其他/新品）"),"")
A22: 店铺自发（按产品）
A23: 产品 | B23: 篇数 | C23: 总曝光 | D23: 总互动 | E23: 均互动率
A24: 黑钻VC100(黑金) | B24: =COUNTIFS('③ 店铺自发笔记'!$E$3:$E$42,"黑钻VC100(黑金)") | C24: =SUMIFS('③ 店铺自发笔记'!$AF$3:$AF$42,'③ 店铺自发笔记'!$E$3:$E$42,"黑钻VC100(黑金)") | D24: =SUMIFS('③ 店铺自发笔记'!$AL$3:$AL$42,'③ 店铺自发笔记'!$E$3:$E$42,"黑钻VC100(黑金)") | E24: =IFERROR(AVERAGEIFS('③ 店铺自发笔记'!$AM$3:$AM$42,'③ 店铺自发笔记'!$E$3:$E$42,"黑钻VC100(黑金)"),"")
A25: 金色·提亮补水 | B25: =COUNTIFS('③ 店铺自发笔记'!$E$3:$E$42,"金色·提亮补水") | C25: =SUMIFS('③ 店铺自发笔记'!$AF$3:$AF$42,'③ 店铺自发笔记'!$E$3:$E$42,"金色·提亮补水") | D25: =SUMIFS('③ 店铺自发笔记'!$AL$3:$AL$42,'③ 店铺自发笔记'!$E$3:$E$42,"金色·提亮补水") | E25: =IFERROR(AVERAGEIFS('③ 店铺自发笔记'!$AM$3:$AM$42,'③ 店铺自发笔记'!$E$3:$E$42,"金色·提亮补水"),"")
A26: 黑银·水光细毛孔 | B26: =COUNTIFS('③ 店铺自发笔记'!$E$3:$E$42,"黑银·水光细毛孔") | C26: =SUMIFS('③ 店铺自发笔记'!$AF$3:$AF$42,'③ 店铺自发笔记'!$E$3:$E$42,"黑银·水光细毛孔") | D26: =SUMIFS('③ 店铺自发笔记'!$AL$3:$AL$42,'③ 店铺自发笔记'!$E$3:$E$42,"黑银·水光细毛孔") | E26: =IFERROR(AVERAGEIFS('③ 店铺自发笔记'!$AM$3:$AM$42,'③ 店铺自发笔记'!$E$3:$E$42,"黑银·水光细毛孔"),"")
A27: 深蓝·维稳补水 | B27: =COUNTIFS('③ 店铺自发笔记'!$E$3:$E$42,"深蓝·维稳补水") | C27: =SUMIFS('③ 店铺自发笔记'!$AF$3:$AF$42,'③ 店铺自发笔记'!$E$3:$E$42,"深蓝·维稳补水") | D27: =SUMIFS('③ 店铺自发笔记'!$AL$3:$AL$42,'③ 店铺自发笔记'!$E$3:$E$42,"深蓝·维稳补水") | E27: =IFERROR(AVERAGEIFS('③ 店铺自发笔记'!$AM$3:$AM$42,'③ 店铺自发笔记'!$E$3:$E$42,"深蓝·维稳补水"),"")
A28: 银色·提亮 | B28: =COUNTIFS('③ 店铺自发笔记'!$E$3:$E$42,"银色·提亮") | C28: =SUMIFS('③ 店铺自发笔记'!$AF$3:$AF$42,'③ 店铺自发笔记'!$E$3:$E$42,"银色·提亮") | D28: =SUMIFS('③ 店铺自发笔记'!$AL$3:$AL$42,'③ 店铺自发笔记'!$E$3:$E$42,"银色·提亮") | E28: =IFERROR(AVERAGEIFS('③ 店铺自发笔记'!$AM$3:$AM$42,'③ 店铺自发笔记'!$E$3:$E$42,"银色·提亮"),"")
A29: （其他/新品） | B29: =COUNTIFS('③ 店铺自发笔记'!$E$3:$E$42,"（其他/新品）") | C29: =SUMIFS('③ 店铺自发笔记'!$AF$3:$AF$42,'③ 店铺自发笔记'!$E$3:$E$42,"（其他/新品）") | D29: =SUMIFS('③ 店铺自发笔记'!$AL$3:$AL$42,'③ 店铺自发笔记'!$E$3:$E$42,"（其他/新品）") | E29: =IFERROR(AVERAGEIFS('③ 店铺自发笔记'!$AM$3:$AM$42,'③ 店铺自发笔记'!$E$3:$E$42,"（其他/新品）"),"")
A31: 素人笔记 · 留存概览
A32: 留存/口碑 | B32: 数量
A33: 满3月留存=是 | B33: =COUNTIFS('④ 素人笔记·留存追踪'!$AD$3:$AD$52,"是")
A34: 满3月留存=否 | B34: =COUNTIFS('④ 素人笔记·留存追踪'!$AD$3:$AD$52,"否")
A35: 观测中 | B35: =COUNTIFS('④ 素人笔记·留存追踪'!$AD$3:$AD$52,"观测中")
A36: 口碑·正面 | B36: =COUNTIFS('④ 素人笔记·留存追踪'!$G$3:$G$52,"正面")
A37: 口碑·中性 | B37: =COUNTIFS('④ 素人笔记·留存追踪'!$G$3:$G$52,"中性")
A38: 口碑·负面 | B38: =COUNTIFS('④ 素人笔记·留存追踪'!$G$3:$G$52,"负面")

Sheet ⑥ 填写说明
A1: 皇后的秘密 · 面膜(Quality1st代运营) · 笔记数据收集表 · 填写说明
A2: 浅黄底 单元格 | B2: 人工填写（输入项）
A3: 浅灰底 单元格 | B3: 自动公式，勿手改（发布月/互动量/互动率/收藏率/CPE/CPM/留存）
A4: 下拉列表 | B4: 状态·产品·类型·合规审核·结算·留存状态等为下拉，选项在「选项」页维护
A6: ① 图文KOC投放笔记 | B6: 付费投放的图文KOC/达人笔记：投前审核→发布→T+3/7/15三轮采数→自动效率。
A7: ② 视频KOC投放笔记 | B7: 付费投放的视频KOC/达人笔记：结构同上，媒体字段为视频时长。
A8: ③ 店铺自发笔记 | B8: 自家蓝V/店铺号发布：无达人费用，重合规与自然数据表现。
A9: ④ 素人笔记·留存追踪 | B9: 素人自发提及品牌的笔记：每月观测1次、连观3个月，看『留存时长』与口碑。
A10: —— 留存状态 | B10: 在=仍可见 / 已删除 / 限流(搜不到) / 改为无关；『满3月留存』自动判定。
A11: ⑤ 总览Dashboard | B11: 各表按产品自动汇总篇数·曝光·互动·互动率·花费·CPE + 素人留存概览。
A13: ⚠️ 合规红线 | B13: 化妆品红线：美白/焕白/去黄/淡斑/抗老/A醇/视黄醇/修复屏障/祛痘/医美/院线/极限词 → 改用提亮/透亮/水润/细致毛孔；小红书禁站外硬导流。

Sheet 选项
A1: 状态 | B1: 达人层级 | C1: 内部对接人 | D1: 笔记类型 | E1: 内容形式 | F1: 合规审核 | G1: 审核人 | H1: 是否 | I1: 话题维护 | J1: 结算状态 | K1: 情感倾向 | L1: 留存状态 | M1: 投放产品
A2: 排期 | B2: 头部KOL | C2: （填成员名） | D2: A·选购攻略 | E2: 图文 | F2: 待审 | G2: （填成员名） | H2: 是 | I2: 已维护 | J2: 未付 | K2: 正面 | L2: 在 | M2: 黑钻VC100(黑金)
A3: 待审稿 | B3: 腰部 | C3: 曹 | D3: B·测评回购 | E3: 视频 | F3: ✅通过 | G3: 曹 | H3: 否 | I3: 未维护 | J3: 已付 | K3: 中性 | L3: 已删除 | M3: 金色·提亮补水
A4: 已投 | B4: 尾部 | C4: 成员A | D4: C·场景种草 | F4: ⚠️需改 | G4: 成员A | I4: 不适用 | J4: 部分付 | K4: 负面 | L4: 限流 | M4: 黑银·水光细毛孔
A5: 追踪中 | B5: KOC | C5: 成员B | D5: D·开箱vlog | F5: ❌驳回 | L5: 改为无关 | M5: 深蓝·维稳补水
A6: 已结案 | D6: E·比价囤货 | M6: 银色·提亮
M7: （其他/新品）
