Workbook

Sheet 说明·图例
A1: 使用说明 · 颜色图例
A2: ① 怎么用
A3: 每行一个达人，重点填「当前进度」列——下拉菜单，选完自动上色。
A4: 「发布日」「寄样日」填真实日期，右侧『每日进度看板』会自动按日期×产品统计。
A5: 导入 Google 表：Google 表格 → 文件 → 导入 → 上传 → 选『插入新工作表』。
A7: ② 需要你填的列
A8: 产品线/达人昵称/粉丝层级/当前进度(下拉)/寄样日/发布日/坑位费/佣金%/保比/笔记链接/曝光/互动/成交/备注
A9: 已放9行示例，可直接改或删。
A11: ③ 进度状态 颜色图例
A12: 待选品 | B12: 还没定品
A13: 已选品 | B13: 品已定
A14: 寄样中 | B14: 样品在路上
A15: 已寄样 | B15: 样品已到
A16: 沟通中 | B16: 谈档期/报价
A17: 已定档 | B17: 排期已锁定
A18: 已发布 | B18: 笔记已上线
A19: 已复盘 | B19: 数据已回收
A20: 暂停 | B20: 异常，需跟进

Sheet 达人排期主表
A1: 小红书达人排期主表（每行一个达人；「当前进度」下拉自动上色）
A2: 产品线 | B2: 达人昵称 | C2: 粉丝层级 | D2: 当前进度 | E2: 寄样日 | F2: 发布日 | G2: 坑位费(元) | H2: 佣金% | I2: 保比 | J2: 笔记链接 | K2: 曝光 | L2: 互动 | M2: 成交 | N2: 备注
A3: 护眼丸 | B3: 岸川在日本 | C3: 腰部 | D3: 已发布 | E3: 46025 | F3: 46031 | G3: 8000 | H3: 0.2 | I3: 是 | J3: https://xhs/... | K3: 52000 | L3: 3100 | M3: 42 | N3: 效果好，可复投
A4: 护眼丸 | B4: 较真儿的penny | C4: 中腰部 | D4: 已发布 | F4: 46033 | G4: 5000 | H4: 0.2 | I4: 是 | J4: https://xhs/... | K4: 38000 | L4: 2200 | M4: 25
A5: 护眼丸 | B5: penny | C5: 中腰部 | D5: 已发布 | F5: 46035 | G5: 5000 | H5: 0.25 | I5: 是
A6: 护眼丸 | B6: 昵淋利 | C6: 腰部 | D6: 已定档 | F6: 46038 | G6: 6000 | H6: 0.2 | I6: 是 | N6: 1/16 专场
A7: 护眼丸 | B7: 韩承浩 | C7: 腰部 | D7: 沟通中 | H7: 0.2 | I7: 否 | N7: 2月排期
A8: burnibo | B8: 老马吃不胖 | C8: 尾部 | D8: 暂停 | E8: 46015 | I8: 否 | N8: 试用反馈不合适
A9: burnibo | B9: 计彩肥仔 | C9: KOC | D9: 寄样中 | E9: 46014 | I9: 否
A10: 私域 | B10: 石头唛营养笔记 | C10: 腰部 | D10: 沟通中 | I10: 否 | N10: 采购37袋/沟通中
A11: 私域 | B11: 慢头女王 | C11: 腰部 | D11: 已定档 | F11: 46052 | I11: 否

Sheet 每日进度看板
A1: 每日进度看板（按日期×产品自动统计，数据取自「达人排期主表」）
A2: 指标 | B2: 产品线 | C2: 46023 | D2: 46024 | E2: 46025 | F2: 46026 | G2: 46027 | H2: 46028 | I2: 46029 | J2: 46030 | K2: 46031 | L2: 46032 | M2: 46033 | N2: 46034 | O2: 46035 | P2: 46036 | Q2: 46037 | R2: 46038 | S2: 46039 | T2: 46040 | U2: 46041 | V2: 46042 | W2: 46043 | X2: 46044 | Y2: 46045 | Z2: 46046 | AA2: 46047 | AB2: 46048 | AC2: 46049 | AD2: 46050 | AE2: 46051 | AF2: 46052 | AG2: 46053
A3: 发布数 | B3: 护眼丸 | C3: =COUNTIFS('达人排期主表'!$F$3:$F$120,C$2,'达人排期主表'!$A$3:$A$120,$B3) | D3: =COUNTIFS('达人排期主表'!$F$3:$F$120,D$2,'达人排期主表'!$A$3:$A$120,$B3) | E3: =COUNTIFS('达人排期主表'!$F$3:$F$120,E$2,'达人排期主表'!$A$3:$A$120,$B3) | F3: =COUNTIFS('达人排期主表'!$F$3:$F$120,F$2,'达人排期主表'!$A$3:$A$120,$B3) | G3: =COUNTIFS('达人排期主表'!$F$3:$F$120,G$2,'达人排期主表'!$A$3:$A$120,$B3) | H3: =COUNTIFS('达人排期主表'!$F$3:$F$120,H$2,'达人排期主表'!$A$3:$A$120,$B3) | I3: =COUNTIFS('达人排期主表'!$F$3:$F$120,I$2,'达人排期主表'!$A$3:$A$120,$B3) | J3: =COUNTIFS('达人排期主表'!$F$3:$F$120,J$2,'达人排期主表'!$A$3:$A$120,$B3) | ... AG3: =COUNTIFS('达人排期主表'!$F$3:$F$120,AG$2,'达人排期主表'!$A$3:$A$120,$B3)
B4: burnibo | C4: =COUNTIFS('达人排期主表'!$F$3:$F$120,C$2,'达人排期主表'!$A$3:$A$120,$B4) | D4: =COUNTIFS('达人排期主表'!$F$3:$F$120,D$2,'达人排期主表'!$A$3:$A$120,$B4) | E4: =COUNTIFS('达人排期主表'!$F$3:$F$120,E$2,'达人排期主表'!$A$3:$A$120,$B4) | F4: =COUNTIFS('达人排期主表'!$F$3:$F$120,F$2,'达人排期主表'!$A$3:$A$120,$B4) | G4: =COUNTIFS('达人排期主表'!$F$3:$F$120,G$2,'达人排期主表'!$A$3:$A$120,$B4) | H4: =COUNTIFS('达人排期主表'!$F$3:$F$120,H$2,'达人排期主表'!$A$3:$A$120,$B4) | I4: =COUNTIFS('达人排期主表'!$F$3:$F$120,I$2,'达人排期主表'!$A$3:$A$120,$B4) | J4: =COUNTIFS('达人排期主表'!$F$3:$F$120,J$2,'达人排期主表'!$A$3:$A$120,$B4) | ... AG4: =COUNTIFS('达人排期主表'!$F$3:$F$120,AG$2,'达人排期主表'!$A$3:$A$120,$B4)
B5: 私域 | C5: =COUNTIFS('达人排期主表'!$F$3:$F$120,C$2,'达人排期主表'!$A$3:$A$120,$B5) | D5: =COUNTIFS('达人排期主表'!$F$3:$F$120,D$2,'达人排期主表'!$A$3:$A$120,$B5) | E5: =COUNTIFS('达人排期主表'!$F$3:$F$120,E$2,'达人排期主表'!$A$3:$A$120,$B5) | F5: =COUNTIFS('达人排期主表'!$F$3:$F$120,F$2,'达人排期主表'!$A$3:$A$120,$B5) | G5: =COUNTIFS('达人排期主表'!$F$3:$F$120,G$2,'达人排期主表'!$A$3:$A$120,$B5) | H5: =COUNTIFS('达人排期主表'!$F$3:$F$120,H$2,'达人排期主表'!$A$3:$A$120,$B5) | I5: =COUNTIFS('达人排期主表'!$F$3:$F$120,I$2,'达人排期主表'!$A$3:$A$120,$B5) | J5: =COUNTIFS('达人排期主表'!$F$3:$F$120,J$2,'达人排期主表'!$A$3:$A$120,$B5) | ... AG5: =COUNTIFS('达人排期主表'!$F$3:$F$120,AG$2,'达人排期主表'!$A$3:$A$120,$B5)
A6: 合计 | B6: 全部 | C6: =SUM(C3:C5) | D6: =SUM(D3:D5) | E6: =SUM(E3:E5) | F6: =SUM(F3:F5) | G6: =SUM(G3:G5) | H6: =SUM(H3:H5) | I6: =SUM(I3:I5) | J6: =SUM(J3:J5) | ... AG6: =SUM(AG3:AG5)
A8: 寄样数 | B8: 护眼丸 | C8: =COUNTIFS('达人排期主表'!$E$3:$E$120,C$2,'达人排期主表'!$A$3:$A$120,$B8) | D8: =COUNTIFS('达人排期主表'!$E$3:$E$120,D$2,'达人排期主表'!$A$3:$A$120,$B8) | E8: =COUNTIFS('达人排期主表'!$E$3:$E$120,E$2,'达人排期主表'!$A$3:$A$120,$B8) | F8: =COUNTIFS('达人排期主表'!$E$3:$E$120,F$2,'达人排期主表'!$A$3:$A$120,$B8) | G8: =COUNTIFS('达人排期主表'!$E$3:$E$120,G$2,'达人排期主表'!$A$3:$A$120,$B8) | H8: =COUNTIFS('达人排期主表'!$E$3:$E$120,H$2,'达人排期主表'!$A$3:$A$120,$B8) | I8: =COUNTIFS('达人排期主表'!$E$3:$E$120,I$2,'达人排期主表'!$A$3:$A$120,$B8) | J8: =COUNTIFS('达人排期主表'!$E$3:$E$120,J$2,'达人排期主表'!$A$3:$A$120,$B8) | ... AG8: =COUNTIFS('达人排期主表'!$E$3:$E$120,AG$2,'达人排期主表'!$A$3:$A$120,$B8)
B9: burnibo | C9: =COUNTIFS('达人排期主表'!$E$3:$E$120,C$2,'达人排期主表'!$A$3:$A$120,$B9) | D9: =COUNTIFS('达人排期主表'!$E$3:$E$120,D$2,'达人排期主表'!$A$3:$A$120,$B9) | E9: =COUNTIFS('达人排期主表'!$E$3:$E$120,E$2,'达人排期主表'!$A$3:$A$120,$B9) | F9: =COUNTIFS('达人排期主表'!$E$3:$E$120,F$2,'达人排期主表'!$A$3:$A$120,$B9) | G9: =COUNTIFS('达人排期主表'!$E$3:$E$120,G$2,'达人排期主表'!$A$3:$A$120,$B9) | H9: =COUNTIFS('达人排期主表'!$E$3:$E$120,H$2,'达人排期主表'!$A$3:$A$120,$B9) | I9: =COUNTIFS('达人排期主表'!$E$3:$E$120,I$2,'达人排期主表'!$A$3:$A$120,$B9) | J9: =COUNTIFS('达人排期主表'!$E$3:$E$120,J$2,'达人排期主表'!$A$3:$A$120,$B9) | ... AG9: =COUNTIFS('达人排期主表'!$E$3:$E$120,AG$2,'达人排期主表'!$A$3:$A$120,$B9)
B10: 私域 | C10: =COUNTIFS('达人排期主表'!$E$3:$E$120,C$2,'达人排期主表'!$A$3:$A$120,$B10) | D10: =COUNTIFS('达人排期主表'!$E$3:$E$120,D$2,'达人排期主表'!$A$3:$A$120,$B10) | E10: =COUNTIFS('达人排期主表'!$E$3:$E$120,E$2,'达人排期主表'!$A$3:$A$120,$B10) | F10: =COUNTIFS('达人排期主表'!$E$3:$E$120,F$2,'达人排期主表'!$A$3:$A$120,$B10) | G10: =COUNTIFS('达人排期主表'!$E$3:$E$120,G$2,'达人排期主表'!$A$3:$A$120,$B10) | H10: =COUNTIFS('达人排期主表'!$E$3:$E$120,H$2,'达人排期主表'!$A$3:$A$120,$B10) | I10: =COUNTIFS('达人排期主表'!$E$3:$E$120,I$2,'达人排期主表'!$A$3:$A$120,$B10) | J10: =COUNTIFS('达人排期主表'!$E$3:$E$120,J$2,'达人排期主表'!$A$3:$A$120,$B10) | ... AG10: =COUNTIFS('达人排期主表'!$E$3:$E$120,AG$2,'达人排期主表'!$A$3:$A$120,$B10)
A11: 合计 | B11: 全部 | C11: =SUM(C8:C10) | D11: =SUM(D8:D10) | E11: =SUM(E8:E10) | F11: =SUM(F8:F10) | G11: =SUM(G8:G10) | H11: =SUM(H8:H10) | I11: =SUM(I8:I10) | J11: =SUM(J8:J10) | ... AG11: =SUM(AG8:AG10)
