Workbook

Sheet 说明·图例
A1: 使用说明 · 图例
A2: ① 只改一个地方：主表
A3: 在「博主进度主表」填：产品线、博主、当前进度(下拉)、直播日期。其它自动。
A4: 「月度直播日历」会自动显示：哪天、哪个博主直播（●，按产品分色），底部有每日直播数。
A6: ② 导入 Google 表格
A7: Google 表格 → 文件 → 导入 → 上传本文件 → 选『替换电子表格』或『插入新工作表』。
A8: 导入后下拉、颜色、公式都会保留并自动重算。
A10: ③ 进度状态 颜色（主表）
A11: 待选品 | B11: 还没定品
A12: 已选品 | B12: 品已定
A13: 寄样中 | B13: 样品在路上
A14: 已寄样 | B14: 样品已到
A15: 沟通中 | B15: 谈档期/报价
A16: 已定档 | B16: 排期已锁定
A17: 已发布 | B17: 已直播/已发
A18: 已复盘 | B18: 数据已回收
A19: 暂停 | B19: 异常需跟进
A21: ④ 日历颜色（按产品）
A22: 护眼丸 | B22: 该产品的直播日显示为此色
A23: burnibo | B23: 该产品的直播日显示为此色
A24: 私域 | B24: 该产品的直播日显示为此色

Sheet 博主进度主表
A1: 博主进度主表 —— 只改这里；「产品线/当前进度/保比」是下拉，选完自动上色
A2: 产品线 | B2: 博主 | C2: 当前进度 | D2: 直播日期 | E2: 坑位费(元) | F2: 佣金% | G2: 保比 | H2: 直播/笔记链接 | I2: 备注
A3: 护眼丸 | B3: 岸川在日本 | C3: 已发布 | D3: 46031 | E3: 8000 | F3: 0.2 | G3: 是 | H3: https://xhs/...
A4: 护眼丸 | B4: 较真儿的penny | C4: 已发布 | D4: 46033 | E4: 5000 | F4: 0.2 | G4: 是 | H4: https://xhs/...
A5: 护眼丸 | B5: penny | C5: 已定档 | D5: 46035 | E5: 5000 | F5: 0.25 | G5: 是
A6: 护眼丸 | B6: 昵淋利 | C6: 已定档 | D6: 46038 | E6: 6000 | F6: 0.2 | G6: 是 | I6: 1/16 专场
A7: 护眼丸 | B7: vivianxiao_ | C7: 沟通中 | F7: 0.2 | G7: 否
A8: 护眼丸 | B8: 韩承浩 | C8: 沟通中 | F8: 0.2 | G8: 否 | I8: 2月排期
A9: burnibo | B9: 老马吃不胖 | C9: 暂停 | G9: 否 | I9: 试用反馈不合适
A10: burnibo | B10: 计彩肥仔 | C10: 寄样中 | G10: 否
A11: 私域 | B11: 石头唛营养笔记 | C11: 沟通中 | G11: 否 | I11: 采购37袋
A12: 私域 | B12: 慢头女王 | C12: 已定档 | D12: 46052 | G12: 否

Sheet 月度直播日历
A1: 月度直播日历（自动）—— 数据来自主表，改主表这里自动更新。● = 当天直播，颜色按产品
A2: 星期 | C2: 周四 | D2: 周五 | E2: 周六 | F2: 周日 | G2: 周一 | H2: 周二 | I2: 周三 | J2: 周四 | K2: 周五 | L2: 周六 | M2: 周日 | N2: 周一 | O2: 周二 | P2: 周三 | Q2: 周四 | R2: 周五 | S2: 周六 | T2: 周日 | U2: 周一 | V2: 周二 | W2: 周三 | X2: 周四 | Y2: 周五 | Z2: 周六 | AA2: 周日 | AB2: 周一 | AC2: 周二 | AD2: 周三 | AE2: 周四 | AF2: 周五 | AG2: 周六
A3: 博主 | B3: 产品线 | C3: 46023 | D3: 46024 | E3: 46025 | F3: 46026 | G3: 46027 | H3: 46028 | I3: 46029 | J3: 46030 | K3: 46031 | L3: 46032 | M3: 46033 | N3: 46034 | O3: 46035 | P3: 46036 | Q3: 46037 | R3: 46038 | S3: 46039 | T3: 46040 | U3: 46041 | V3: 46042 | W3: 46043 | X3: 46044 | Y3: 46045 | Z3: 46046 | AA3: 46047 | AB3: 46048 | AC3: 46049 | AD3: 46050 | AE3: 46051 | AF3: 46052 | AG3: 46053
A4: ='博主进度主表'!B3 | B4: ='博主进度主表'!A3 | C4: =IF(AND('博主进度主表'!$B3<>"",'博主进度主表'!$D3=C$3),"●","") | D4: =IF(AND('博主进度主表'!$B3<>"",'博主进度主表'!$D3=D$3),"●","") | E4: =IF(AND('博主进度主表'!$B3<>"",'博主进度主表'!$D3=E$3),"●","") | F4: =IF(AND('博主进度主表'!$B3<>"",'博主进度主表'!$D3=F$3),"●","") | G4: =IF(AND('博主进度主表'!$B3<>"",'博主进度主表'!$D3=G$3),"●","") | H4: =IF(AND('博主进度主表'!$B3<>"",'博主进度主表'!$D3=H$3),"●","") | I4: =IF(AND('博主进度主表'!$B3<>"",'博主进度主表'!$D3=I$3),"●","") | J4: =IF(AND('博主进度主表'!$B3<>"",'博主进度主表'!$D3=J$3),"●","") | ... AG4: =IF(AND('博主进度主表'!$B3<>"",'博主进度主表'!$D3=AG$3),"●","")
A5: ='博主进度主表'!B4 | B5: ='博主进度主表'!A4 | C5: =IF(AND('博主进度主表'!$B4<>"",'博主进度主表'!$D4=C$3),"●","") | D5: =IF(AND('博主进度主表'!$B4<>"",'博主进度主表'!$D4=D$3),"●","") | E5: =IF(AND('博主进度主表'!$B4<>"",'博主进度主表'!$D4=E$3),"●","") | F5: =IF(AND('博主进度主表'!$B4<>"",'博主进度主表'!$D4=F$3),"●","") | G5: =IF(AND('博主进度主表'!$B4<>"",'博主进度主表'!$D4=G$3),"●","") | H5: =IF(AND('博主进度主表'!$B4<>"",'博主进度主表'!$D4=H$3),"●","") | I5: =IF(AND('博主进度主表'!$B4<>"",'博主进度主表'!$D4=I$3),"●","") | J5: =IF(AND('博主进度主表'!$B4<>"",'博主进度主表'!$D4=J$3),"●","") | ... AG5: =IF(AND('博主进度主表'!$B4<>"",'博主进度主表'!$D4=AG$3),"●","")
A6: ='博主进度主表'!B5 | B6: ='博主进度主表'!A5 | C6: =IF(AND('博主进度主表'!$B5<>"",'博主进度主表'!$D5=C$3),"●","") | D6: =IF(AND('博主进度主表'!$B5<>"",'博主进度主表'!$D5=D$3),"●","") | E6: =IF(AND('博主进度主表'!$B5<>"",'博主进度主表'!$D5=E$3),"●","") | F6: =IF(AND('博主进度主表'!$B5<>"",'博主进度主表'!$D5=F$3),"●","") | G6: =IF(AND('博主进度主表'!$B5<>"",'博主进度主表'!$D5=G$3),"●","") | H6: =IF(AND('博主进度主表'!$B5<>"",'博主进度主表'!$D5=H$3),"●","") | I6: =IF(AND('博主进度主表'!$B5<>"",'博主进度主表'!$D5=I$3),"●","") | J6: =IF(AND('博主进度主表'!$B5<>"",'博主进度主表'!$D5=J$3),"●","") | ... AG6: =IF(AND('博主进度主表'!$B5<>"",'博主进度主表'!$D5=AG$3),"●","")
A7: ='博主进度主表'!B6 | B7: ='博主进度主表'!A6 | C7: =IF(AND('博主进度主表'!$B6<>"",'博主进度主表'!$D6=C$3),"●","") | D7: =IF(AND('博主进度主表'!$B6<>"",'博主进度主表'!$D6=D$3),"●","") | E7: =IF(AND('博主进度主表'!$B6<>"",'博主进度主表'!$D6=E$3),"●","") | F7: =IF(AND('博主进度主表'!$B6<>"",'博主进度主表'!$D6=F$3),"●","") | G7: =IF(AND('博主进度主表'!$B6<>"",'博主进度主表'!$D6=G$3),"●","") | H7: =IF(AND('博主进度主表'!$B6<>"",'博主进度主表'!$D6=H$3),"●","") | I7: =IF(AND('博主进度主表'!$B6<>"",'博主进度主表'!$D6=I$3),"●","") | J7: =IF(AND('博主进度主表'!$B6<>"",'博主进度主表'!$D6=J$3),"●","") | ... AG7: =IF(AND('博主进度主表'!$B6<>"",'博主进度主表'!$D6=AG$3),"●","")
A8: ='博主进度主表'!B7 | B8: ='博主进度主表'!A7 | C8: =IF(AND('博主进度主表'!$B7<>"",'博主进度主表'!$D7=C$3),"●","") | D8: =IF(AND('博主进度主表'!$B7<>"",'博主进度主表'!$D7=D$3),"●","") | E8: =IF(AND('博主进度主表'!$B7<>"",'博主进度主表'!$D7=E$3),"●","") | F8: =IF(AND('博主进度主表'!$B7<>"",'博主进度主表'!$D7=F$3),"●","") | G8: =IF(AND('博主进度主表'!$B7<>"",'博主进度主表'!$D7=G$3),"●","") | H8: =IF(AND('博主进度主表'!$B7<>"",'博主进度主表'!$D7=H$3),"●","") | I8: =IF(AND('博主进度主表'!$B7<>"",'博主进度主表'!$D7=I$3),"●","") | J8: =IF(AND('博主进度主表'!$B7<>"",'博主进度主表'!$D7=J$3),"●","") | ... AG8: =IF(AND('博主进度主表'!$B7<>"",'博主进度主表'!$D7=AG$3),"●","")
A9: ='博主进度主表'!B8 | B9: ='博主进度主表'!A8 | C9: =IF(AND('博主进度主表'!$B8<>"",'博主进度主表'!$D8=C$3),"●","") | D9: =IF(AND('博主进度主表'!$B8<>"",'博主进度主表'!$D8=D$3),"●","") | E9: =IF(AND('博主进度主表'!$B8<>"",'博主进度主表'!$D8=E$3),"●","") | F9: =IF(AND('博主进度主表'!$B8<>"",'博主进度主表'!$D8=F$3),"●","") | G9: =IF(AND('博主进度主表'!$B8<>"",'博主进度主表'!$D8=G$3),"●","") | H9: =IF(AND('博主进度主表'!$B8<>"",'博主进度主表'!$D8=H$3),"●","") | I9: =IF(AND('博主进度主表'!$B8<>"",'博主进度主表'!$D8=I$3),"●","") | J9: =IF(AND('博主进度主表'!$B8<>"",'博主进度主表'!$D8=J$3),"●","") | ... AG9: =IF(AND('博主进度主表'!$B8<>"",'博主进度主表'!$D8=AG$3),"●","")
A10: ='博主进度主表'!B9 | B10: ='博主进度主表'!A9 | C10: =IF(AND('博主进度主表'!$B9<>"",'博主进度主表'!$D9=C$3),"●","") | D10: =IF(AND('博主进度主表'!$B9<>"",'博主进度主表'!$D9=D$3),"●","") | E10: =IF(AND('博主进度主表'!$B9<>"",'博主进度主表'!$D9=E$3),"●","") | F10: =IF(AND('博主进度主表'!$B9<>"",'博主进度主表'!$D9=F$3),"●","") | G10: =IF(AND('博主进度主表'!$B9<>"",'博主进度主表'!$D9=G$3),"●","") | H10: =IF(AND('博主进度主表'!$B9<>"",'博主进度主表'!$D9=H$3),"●","") | I10: =IF(AND('博主进度主表'!$B9<>"",'博主进度主表'!$D9=I$3),"●","") | J10: =IF(AND('博主进度主表'!$B9<>"",'博主进度主表'!$D9=J$3),"●","") | ... AG10: =IF(AND('博主进度主表'!$B9<>"",'博主进度主表'!$D9=AG$3),"●","")
A11: ='博主进度主表'!B10 | B11: ='博主进度主表'!A10 | C11: =IF(AND('博主进度主表'!$B10<>"",'博主进度主表'!$D10=C$3),"●","") | D11: =IF(AND('博主进度主表'!$B10<>"",'博主进度主表'!$D10=D$3),"●","") | E11: =IF(AND('博主进度主表'!$B10<>"",'博主进度主表'!$D10=E$3),"●","") | F11: =IF(AND('博主进度主表'!$B10<>"",'博主进度主表'!$D10=F$3),"●","") | G11: =IF(AND('博主进度主表'!$B10<>"",'博主进度主表'!$D10=G$3),"●","") | H11: =IF(AND('博主进度主表'!$B10<>"",'博主进度主表'!$D10=H$3),"●","") | I11: =IF(AND('博主进度主表'!$B10<>"",'博主进度主表'!$D10=I$3),"●","") | J11: =IF(AND('博主进度主表'!$B10<>"",'博主进度主表'!$D10=J$3),"●","") | ... AG11: =IF(AND('博主进度主表'!$B10<>"",'博主进度主表'!$D10=AG$3),"●","")
A12: ='博主进度主表'!B11 | B12: ='博主进度主表'!A11 | C12: =IF(AND('博主进度主表'!$B11<>"",'博主进度主表'!$D11=C$3),"●","") | D12: =IF(AND('博主进度主表'!$B11<>"",'博主进度主表'!$D11=D$3),"●","") | E12: =IF(AND('博主进度主表'!$B11<>"",'博主进度主表'!$D11=E$3),"●","") | F12: =IF(AND('博主进度主表'!$B11<>"",'博主进度主表'!$D11=F$3),"●","") | G12: =IF(AND('博主进度主表'!$B11<>"",'博主进度主表'!$D11=G$3),"●","") | H12: =IF(AND('博主进度主表'!$B11<>"",'博主进度主表'!$D11=H$3),"●","") | I12: =IF(AND('博主进度主表'!$B11<>"",'博主进度主表'!$D11=I$3),"●","") | J12: =IF(AND('博主进度主表'!$B11<>"",'博主进度主表'!$D11=J$3),"●","") | ... AG12: =IF(AND('博主进度主表'!$B11<>"",'博主进度主表'!$D11=AG$3),"●","")
A13: ='博主进度主表'!B12 | B13: ='博主进度主表'!A12 | C13: =IF(AND('博主进度主表'!$B12<>"",'博主进度主表'!$D12=C$3),"●","") | D13: =IF(AND('博主进度主表'!$B12<>"",'博主进度主表'!$D12=D$3),"●","") | E13: =IF(AND('博主进度主表'!$B12<>"",'博主进度主表'!$D12=E$3),"●","") | F13: =IF(AND('博主进度主表'!$B12<>"",'博主进度主表'!$D12=F$3),"●","") | G13: =IF(AND('博主进度主表'!$B12<>"",'博主进度主表'!$D12=G$3),"●","") | H13: =IF(AND('博主进度主表'!$B12<>"",'博主进度主表'!$D12=H$3),"●","") | I13: =IF(AND('博主进度主表'!$B12<>"",'博主进度主表'!$D12=I$3),"●","") | J13: =IF(AND('博主进度主表'!$B12<>"",'博主进度主表'!$D12=J$3),"●","") | ... AG13: =IF(AND('博主进度主表'!$B12<>"",'博主进度主表'!$D12=AG$3),"●","")
A14: ='博主进度主表'!B13 | B14: ='博主进度主表'!A13 | C14: =IF(AND('博主进度主表'!$B13<>"",'博主进度主表'!$D13=C$3),"●","") | D14: =IF(AND('博主进度主表'!$B13<>"",'博主进度主表'!$D13=D$3),"●","") | E14: =IF(AND('博主进度主表'!$B13<>"",'博主进度主表'!$D13=E$3),"●","") | F14: =IF(AND('博主进度主表'!$B13<>"",'博主进度主表'!$D13=F$3),"●","") | G14: =IF(AND('博主进度主表'!$B13<>"",'博主进度主表'!$D13=G$3),"●","") | H14: =IF(AND('博主进度主表'!$B13<>"",'博主进度主表'!$D13=H$3),"●","") | I14: =IF(AND('博主进度主表'!$B13<>"",'博主进度主表'!$D13=I$3),"●","") | J14: =IF(AND('博主进度主表'!$B13<>"",'博主进度主表'!$D13=J$3),"●","") | ... AG14: =IF(AND('博主进度主表'!$B13<>"",'博主进度主表'!$D13=AG$3),"●","")
A15: ='博主进度主表'!B14 | B15: ='博主进度主表'!A14 | C15: =IF(AND('博主进度主表'!$B14<>"",'博主进度主表'!$D14=C$3),"●","") | D15: =IF(AND('博主进度主表'!$B14<>"",'博主进度主表'!$D14=D$3),"●","") | E15: =IF(AND('博主进度主表'!$B14<>"",'博主进度主表'!$D14=E$3),"●","") | F15: =IF(AND('博主进度主表'!$B14<>"",'博主进度主表'!$D14=F$3),"●","") | G15: =IF(AND('博主进度主表'!$B14<>"",'博主进度主表'!$D14=G$3),"●","") | H15: =IF(AND('博主进度主表'!$B14<>"",'博主进度主表'!$D14=H$3),"●","") | I15: =IF(AND('博主进度主表'!$B14<>"",'博主进度主表'!$D14=I$3),"●","") | J15: =IF(AND('博主进度主表'!$B14<>"",'博主进度主表'!$D14=J$3),"●","") | ... AG15: =IF(AND('博主进度主表'!$B14<>"",'博主进度主表'!$D14=AG$3),"●","")
... A121: ='博主进度主表'!B120 | B121: ='博主进度主表'!A120 | C121: =IF(AND('博主进度主表'!$B120<>"",'博主进度主表'!$D120=C$3),"●","") | D121: =IF(AND('博主进度主表'!$B120<>"",'博主进度主表'!$D120=D$3),"●","") | E121: =IF(AND('博主进度主表'!$B120<>"",'博主进度主表'!$D120=E$3),"●","") | F121: =IF(AND('博主进度主表'!$B120<>"",'博主进度主表'!$D120=F$3),"●","") | G121: =IF(AND('博主进度主表'!$B120<>"",'博主进度主表'!$D120=G$3),"●","") | H121: =IF(AND('博主进度主表'!$B120<>"",'博主进度主表'!$D120=H$3),"●","") | I121: =IF(AND('博主进度主表'!$B120<>"",'博主进度主表'!$D120=I$3),"●","") | J121: =IF(AND('博主进度主表'!$B120<>"",'博主进度主表'!$D120=J$3),"●","") | ... AG121: =IF(AND('博主进度主表'!$B120<>"",'博主进度主表'!$D120=AG$3),"●","")
A122: 每日直播数 | B122: 合计 | C122: =COUNTIFS('博主进度主表'!$D$3:$D$120,C$3) | D122: =COUNTIFS('博主进度主表'!$D$3:$D$120,D$3) | E122: =COUNTIFS('博主进度主表'!$D$3:$D$120,E$3) | F122: =COUNTIFS('博主进度主表'!$D$3:$D$120,F$3) | G122: =COUNTIFS('博主进度主表'!$D$3:$D$120,G$3) | H122: =COUNTIFS('博主进度主表'!$D$3:$D$120,H$3) | I122: =COUNTIFS('博主进度主表'!$D$3:$D$120,I$3) | J122: =COUNTIFS('博主进度主表'!$D$3:$D$120,J$3) | ... AG122: =COUNTIFS('博主进度主表'!$D$3:$D$120,AG$3)
